name,round,sel_counts,val_loss,val_acc,test_loss,test_acc,train_loss,train_acc
gamma_uniform_nc_iid_J_16,1,"[0, 0, 0, 1, 1, 0, 0, 0, 0, 0, 0, 0, 0, 0, 1, 0, 0, 0, 0, 0, 0, 0, 0, 0, 0, 0, 0, 0, 0, 0, 0, 0, 0, 1, 0, 0, 0, 0, 0, 0, 0, 0, 0, 0, 0, 1, 0, 0, 0, 0, 0, 0, 0, 0, 0, 0, 0, 0, 0, 1, 0, 0, 0, 0, 0, 0, 0, 1, 0, 0, 0, 0, 0, 0, 0, 0, 0, 0, 0, 0, 0, 0, 0, 0, 0, 1, 0, 1, 0, 0, 1, 0, 0, 0, 0, 0, 0, 0, 0, 0]",4.0474,0.1870,4.0462,0.1870,-1.0000,-1.0000
gamma_uniform_nc_iid_J_16,2,"[0, 0, 1, 1, 1, 0, 0, 0, 0, 0, 0, 0, 0, 0, 1, 0, 0, 0, 0, 0, 0, 0, 0, 0, 0, 0, 0, 0, 0, 0, 0, 0, 0, 1, 0, 0, 0, 0, 1, 0, 0, 1, 0, 0, 0, 1, 0, 1, 0, 0, 0, 0, 0, 0, 0, 0, 0, 0, 0, 1, 1, 0, 0, 0, 0, 0, 1, 1, 0, 0, 0, 0, 0, 0, 0, 0, 0, 0, 0, 1, 0, 0, 0, 1, 0, 2, 1, 1, 0, 0, 1, 0, 0, 0, 0, 0, 0, 0, 0, 0]",3.2139,0.1870,3.2042,0.1871,-1.0000,-1.0000
gamma_uniform_nc_iid_J_16,3,"[0, 0, 1, 1, 1, 0, 0, 0, 0, 0, 0, 0, 1, 0, 1, 0, 0, 0, 0, 1, 0, 0, 0, 0, 0, 0, 0, 1, 0, 0, 0, 0, 0, 1, 0, 0, 0, 0, 1, 0, 0, 1, 0, 0, 0, 1, 0, 1, 0, 0, 1, 0, 0, 0, 0, 0, 0, 0, 1, 1, 1, 0, 1, 0, 1, 0, 1, 1, 0, 0, 1, 0, 0, 0, 0, 0, 0, 0, 0, 1, 0, 0, 0, 1, 0, 2, 1, 2, 0, 0, 1, 0, 0, 1, 0, 0, 0, 0, 0, 0]",3.1220,0.1870,3.1126,0.1871,-1.0000,-1.0000
gamma_uniform_nc_iid_J_16,4,"[1, 0, 1, 1, 1, 0, 0, 0, 0, 0, 0, 1, 1, 0, 1, 0, 0, 0, 0, 1, 0, 0, 0, 0, 0, 0, 0, 2, 0, 0, 0, 0, 0, 1, 0, 1, 1, 0, 1, 0, 0, 1, 0, 1, 0, 1, 0, 1, 0, 0, 1, 0, 0, 0, 0, 0, 0, 0, 1, 1, 1, 0, 1, 0, 1, 0, 1, 1, 0, 0, 1, 0, 0, 0, 0, 0, 0, 1, 0, 1, 0, 0, 1, 1, 0, 2, 2, 2, 0, 0, 1, 0, 0, 1, 0, 0, 0, 0, 1, 0]",3.0913,0.1870,3.0820,0.1871,-1.0000,-1.0000
gamma_uniform_nc_iid_J_16,5,"[2, 0, 1, 1, 2, 0, 0, 0, 0, 0, 1, 1, 1, 0, 1, 0, 0, 0, 0, 2, 1, 0, 0, 0, 0, 0, 0, 2, 0, 0, 0, 0, 0, 1, 0, 1, 1, 0, 1, 0, 0, 1, 0, 1, 0, 1, 1, 1, 0, 0, 1, 0, 0, 0, 0, 0, 0, 0, 1, 1, 1, 0, 1, 0, 1, 0, 1, 1, 0, 0, 1, 0, 0, 0, 0, 0, 0, 1, 0, 2, 0, 0, 1, 1, 0, 3, 3, 2, 0, 0, 1, 0, 0, 1, 0, 1, 0, 0, 1, 0]",3.0571,0.1872,3.0478,0.1873,-1.0000,-1.0000
gamma_uniform_nc_iid_J_16,6,"[2, 0, 1, 1, 2, 0, 1, 0, 0, 0, 1, 1, 1, 0, 1, 0, 0, 0, 0, 2, 1, 0, 0, 0, 1, 0, 0, 2, 0, 1, 0, 0, 0, 1, 0, 1, 1, 0, 1, 0, 0, 1, 0, 1, 0, 1, 1, 1, 0, 0, 2, 0, 0, 0, 0, 0, 0, 0, 2, 1, 1, 0, 2, 0, 1, 0, 1, 1, 0, 0, 2, 0, 0, 0, 0, 0, 0, 1, 0, 3, 0, 0, 1, 1, 1, 3, 3, 2, 0, 0, 1, 0, 0, 1, 0, 1, 1, 0, 1, 0]",3.0198,0.2091,3.0111,0.2099,-1.0000,-1.0000
gamma_uniform_nc_iid_J_16,7,"[2, 0, 1, 1, 3, 0, 1, 0, 0, 0, 1, 1, 1, 0, 1, 0, 0, 0, 0, 3, 1, 0, 0, 1, 1, 0, 0, 2, 0, 1, 0, 0, 0, 1, 0, 1, 1, 0, 1, 0, 0, 1, 0, 1, 0, 1, 1, 1, 0, 0, 2, 1, 0, 0, 1, 0, 0, 0, 2, 1, 2, 0, 2, 0, 1, 0, 1, 1, 0, 0, 2, 0, 0, 0, 1, 1, 0, 1, 0, 3, 0, 0, 1, 2, 2, 3, 3, 2, 0, 0, 1, 0, 0, 1, 0, 1, 1, 0, 1, 0]",2.9828,0.2100,2.9748,0.2106,-1.0000,-1.0000
gamma_uniform_nc_iid_J_16,8,"[2, 0, 2, 2, 3, 0, 1, 0, 0, 0, 1, 1, 1, 0, 1, 0, 0, 0, 0, 3, 1, 0, 0, 1, 1, 0, 0, 2, 1, 1, 0, 0, 0, 1, 0, 1, 1, 0, 1, 0, 0, 1, 0, 1, 1, 1, 1, 1, 0, 0, 2, 2, 0, 0, 1, 0, 1, 0, 2, 1, 2, 0, 2, 0, 1, 0, 2, 1, 0, 0, 2, 0, 0, 0, 1, 1, 1, 1, 0, 3, 0, 0, 1, 2, 3, 3, 3, 2, 0, 0, 1, 0, 0, 2, 0, 1, 1, 0, 1, 0]",2.9499,0.2200,2.9424,0.2204,-1.0000,-1.0000
gamma_uniform_nc_iid_J_16,9,"[2, 0, 2, 2, 3, 0, 1, 0, 0, 0, 1, 1, 1, 0, 2, 0, 0, 0, 0, 3, 1, 0, 1, 1, 2, 0, 0, 3, 1, 1, 0, 0, 0, 2, 0, 1, 1, 0, 1, 0, 0, 1, 0, 1, 1, 1, 1, 1, 0, 0, 2, 2, 1, 0, 1, 0, 1, 1, 2, 1, 2, 0, 3, 0, 1, 0, 2, 1, 0, 0, 2, 0, 0, 1, 1, 1, 1, 1, 0, 3, 0, 1, 1, 2, 3, 3, 3, 2, 0, 0, 1, 0, 0, 2, 0, 1, 1, 0, 1, 0]",2.9185,0.2333,2.9105,0.2345,-1.0000,-1.0000
gamma_uniform_nc_iid_J_16,10,"[2, 1, 3, 2, 3, 0, 1, 0, 0, 0, 1, 1, 1, 0, 2, 0, 0, 1, 0, 3, 2, 0, 1, 1, 2, 0, 0, 3, 1, 1, 0, 0, 0, 2, 0, 1, 1, 0, 1, 0, 0, 1, 0, 1, 1, 1, 1, 1, 1, 1, 2, 2, 1, 0, 1, 0, 1, 1, 2, 1, 2, 0, 3, 0, 1, 0, 2, 2, 0, 0, 2, 0, 0, 1, 2, 1, 1, 1, 0, 3, 0, 2, 1, 2, 3, 3, 3, 2, 0, 1, 1, 0, 0, 2, 0, 1, 1, 0, 1, 0]",2.8875,0.2396,2.8794,0.2411,2.8844,0.2409
gamma_uniform_nc_iid_J_16,11,"[2, 1, 4, 2, 3, 0, 1, 0, 0, 0, 1, 1, 1, 0, 2, 0, 0, 1, 0, 3, 2, 0, 1, 1, 2, 0, 0, 3, 1, 2, 0, 0, 0, 2, 0, 1, 1, 0, 1, 1, 0, 2, 0, 1, 1, 1, 1, 1, 1, 1, 2, 2, 2, 0, 1, 0, 1, 1, 2, 1, 3, 0, 3, 0, 1, 0, 2, 2, 0, 0, 2, 0, 0, 1, 2, 1, 1, 1, 0, 3, 0, 3, 1, 3, 3, 3, 3, 2, 0, 1, 1, 0, 0, 3, 0, 1, 1, 0, 1, 1]",2.8621,0.2433,2.8537,0.2443,-1.0000,-1.0000
gamma_uniform_nc_iid_J_16,12,"[2, 2, 4, 2, 4, 0, 2, 0, 0, 0, 1, 1, 1, 0, 2, 0, 0, 1, 0, 3, 2, 0, 1, 1, 2, 0, 0, 3, 2, 2, 0, 0, 0, 2, 0, 1, 1, 0, 1, 2, 0, 2, 0, 1, 1, 2, 1, 1, 1, 1, 2, 2, 2, 0, 1, 0, 1, 1, 2, 1, 3, 0, 4, 0, 1, 0, 2, 2, 1, 0, 2, 0, 0, 1, 2, 1, 1, 2, 0, 3, 1, 3, 1, 3, 3, 3, 3, 2, 0, 1, 1, 0, 0, 3, 0, 1, 1, 0, 1, 1]",2.8371,0.2590,2.8282,0.2607,-1.0000,-1.0000
gamma_uniform_nc_iid_J_16,13,"[2, 2, 4, 2, 4, 0, 2, 0, 1, 0, 1, 1, 1, 0, 2, 0, 0, 1, 0, 3, 2, 0, 1, 1, 2, 0, 0, 3, 2, 2, 0, 0, 0, 3, 0, 1, 1, 0, 1, 2, 1, 3, 0, 1, 1, 2, 1, 1, 1, 1, 2, 2, 2, 0, 2, 0, 1, 1, 2, 2, 3, 0, 4, 0, 1, 0, 2, 2, 2, 0, 2, 0, 0, 1, 2, 1, 1, 2, 0, 4, 2, 3, 1, 3, 3, 3, 3, 2, 0, 1, 1, 1, 0, 3, 0, 1, 1, 0, 1, 1]",2.8149,0.2640,2.8059,0.2654,-1.0000,-1.0000
gamma_uniform_nc_iid_J_16,14,"[2, 2, 4, 2, 4, 0, 2, 0, 1, 1, 1, 1, 1, 0, 2, 0, 0, 1, 0, 3, 2, 0, 1, 1, 2, 0, 0, 3, 2, 2, 0, 0, 0, 3, 0, 1, 1, 0, 1, 2, 1, 3, 0, 1, 2, 2, 1, 2, 1, 2, 2, 2, 2, 0, 3, 0, 1, 1, 2, 3, 3, 0, 4, 0, 1, 0, 2, 3, 2, 0, 2, 0, 0, 1, 3, 1, 1, 2, 0, 4, 2, 3, 1, 3, 3, 3, 3, 2, 0, 2, 1, 1, 0, 3, 0, 1, 1, 1, 1, 1]",2.7942,0.2658,2.7848,0.2675,-1.0000,-1.0000
gamma_uniform_nc_iid_J_16,15,"[2, 2, 4, 2, 4, 1, 2, 1, 1, 1, 2, 1, 1, 0, 2, 0, 0, 1, 0, 3, 2, 0, 1, 1, 2, 0, 0, 4, 2, 2, 0, 0, 0, 4, 1, 2, 1, 0, 1, 2, 1, 3, 0, 1, 2, 2, 1, 2, 1, 2, 2, 2, 2, 0, 3, 0, 2, 1, 2, 3, 3, 0, 4, 1, 1, 0, 2, 3, 2, 0, 2, 0, 0, 1, 3, 1, 1, 2, 1, 4, 2, 3, 1, 3, 3, 3, 3, 2, 0, 2, 1, 1, 0, 3, 0, 1, 1, 1, 1, 1]",2.7778,0.2647,2.7692,0.2668,-1.0000,-1.0000
gamma_uniform_nc_iid_J_16,16,"[2, 2, 4, 2, 4, 1, 2, 1, 2, 1, 2, 1, 1, 0, 2, 0, 1, 1, 0, 3, 2, 0, 1, 2, 2, 0, 0, 4, 2, 2, 0, 0, 1, 4, 1, 2, 1, 0, 1, 3, 1, 3, 0, 1, 3, 2, 1, 2, 1, 3, 2, 2, 2, 0, 3, 0, 2, 1, 2, 3, 3, 0, 4, 2, 1, 0, 2, 3, 2, 0, 2, 0, 0, 1, 3, 1, 2, 2, 1, 4, 2, 3, 1, 3, 3, 3, 3, 2, 0, 2, 1, 1, 1, 3, 0, 1, 1, 1, 1, 1]",2.7563,0.2656,2.7472,0.2680,-1.0000,-1.0000
gamma_uniform_nc_iid_J_16,17,"[2, 3, 4, 2, 4, 1, 2, 1, 2, 1, 2, 1, 1, 0, 2, 0, 1, 1, 0, 3, 2, 1, 1, 2, 2, 1, 1, 4, 2, 2, 1, 0, 1, 4, 1, 2, 1, 0, 1, 3, 1, 3, 0, 1, 3, 2, 1, 2, 1, 3, 2, 2, 2, 0, 4, 1, 2, 1, 2, 3, 3, 1, 4, 3, 1, 0, 2, 3, 2, 0, 2, 0, 0, 1, 3, 1, 2, 3, 1, 4, 2, 3, 1, 3, 3, 3, 3, 2, 0, 2, 1, 1, 1, 3, 0, 1, 1, 1, 1, 1]",2.7413,0.2700,2.7322,0.2721,-1.0000,-1.0000
gamma_uniform_nc_iid_J_16,18,"[2, 3, 4, 2, 4, 2, 2, 1, 2, 2, 2, 1, 1, 1, 2, 1, 2, 1, 0, 3, 2, 1, 1, 3, 2, 1, 1, 4, 2, 2, 1, 0, 1, 4, 1, 2, 1, 1, 1, 3, 1, 3, 0, 1, 4, 2, 1, 2, 1, 3, 2, 2, 2, 0, 4, 1, 2, 1, 2, 3, 3, 2, 4, 3, 1, 0, 2, 3, 2, 0, 2, 0, 0, 1, 3, 1, 2, 3, 2, 4, 2, 3, 1, 3, 3, 3, 3, 2, 0, 2, 1, 1, 1, 3, 0, 1, 1, 1, 1, 1]",2.7283,0.2752,2.7184,0.2771,-1.0000,-1.0000
gamma_uniform_nc_iid_J_16,19,"[2, 3, 4, 2, 4, 2, 2, 1, 2, 3, 2, 1, 1, 1, 2, 2, 2, 1, 0, 3, 2, 1, 1, 3, 2, 1, 1, 4, 2, 2, 1, 0, 1, 4, 1, 2, 1, 1, 1, 4, 1, 4, 0, 1, 4, 2, 1, 2, 1, 3, 2, 2, 2, 0, 5, 1, 2, 1, 3, 3, 3, 2, 4, 3, 1, 0, 2, 3, 2, 0, 2, 0, 1, 1, 3, 1, 2, 3, 2, 5, 2, 4, 1, 3, 3, 3, 3, 2, 0, 2, 1, 1, 1, 3, 0, 1, 1, 1, 1, 2]",2.7121,0.2809,2.7026,0.2832,-1.0000,-1.0000
gamma_uniform_nc_iid_J_16,20,"[2, 4, 4, 2, 4, 3, 2, 2, 2, 3, 3, 1, 1, 1, 2, 3, 2, 1, 0, 4, 2, 1, 1, 3, 3, 1, 1, 4, 2, 2, 1, 0, 1, 4, 1, 2, 1, 1, 1, 4, 1, 4, 0, 1, 4, 2, 1, 2, 1, 3, 2, 2, 3, 0, 5, 1, 2, 1, 3, 3, 3, 2, 4, 3, 2, 0, 2, 3, 2, 0, 2, 0, 1, 1, 3, 1, 2, 3, 2, 5, 2, 4, 2, 3, 3, 3, 3, 2, 0, 2, 1, 1, 1, 3, 0, 1, 1, 1, 1, 2]",2.6993,0.2827,2.6901,0.2840,2.6957,0.2837
gamma_uniform_nc_iid_J_16,21,"[2, 4, 4, 2, 4, 4, 2, 3, 2, 3, 3, 2, 1, 1, 2, 3, 2, 1, 0, 5, 2, 1, 1, 3, 3, 1, 1, 4, 2, 3, 1, 0, 1, 4, 1, 2, 1, 1, 1, 4, 1, 4, 0, 1, 5, 2, 1, 2, 1, 3, 2, 2, 3, 0, 5, 1, 2, 1, 3, 3, 3, 2, 4, 3, 2, 0, 2, 3, 2, 0, 2, 0, 1, 1, 3, 1, 2, 3, 2, 5, 2, 4, 2, 3, 3, 3, 3, 3, 0, 3, 1, 1, 1, 3, 1, 1, 2, 1, 1, 2]",2.6871,0.2848,2.6780,0.2862,-1.0000,-1.0000
gamma_uniform_nc_iid_J_16,22,"[2, 4, 4, 2, 4, 4, 2, 3, 2, 4, 3, 2, 1, 1, 2, 3, 2, 1, 0, 5, 2, 1, 1, 3, 4, 2, 2, 4, 2, 4, 1, 0, 1, 4, 1, 2, 2, 1, 1, 4, 1, 4, 0, 1, 5, 2, 1, 2, 1, 3, 2, 2, 3, 0, 5, 1, 2, 1, 3, 3, 4, 2, 5, 4, 2, 0, 2, 3, 2, 0, 2, 0, 1, 1, 3, 1, 2, 3, 2, 5, 2, 4, 2, 3, 3, 3, 3, 3, 0, 3, 1, 1, 1, 3, 1, 1, 2, 2, 1, 2]",2.6740,0.2871,2.6646,0.2894,-1.0000,-1.0000
gamma_uniform_nc_iid_J_16,23,"[2, 4, 4, 2, 4, 4, 2, 3, 2, 4, 3, 2, 2, 1, 2, 3, 2, 1, 0, 5, 2, 1, 2, 3, 4, 2, 2, 4, 2, 4, 1, 0, 1, 4, 1, 2, 2, 1, 1, 4, 1, 4, 0, 1, 5, 3, 1, 2, 2, 4, 2, 2, 3, 0, 5, 1, 3, 2, 3, 3, 4, 2, 6, 4, 2, 0, 2, 3, 2, 0, 2, 0, 1, 1, 3, 1, 2, 3, 2, 5, 2, 4, 2, 3, 4, 3, 3, 3, 0, 3, 1, 2, 1, 3, 1, 1, 2, 2, 1, 2]",2.6627,0.2848,2.6537,0.2868,-1.0000,-1.0000
gamma_uniform_nc_iid_J_16,24,"[2, 4, 4, 2, 4, 4, 2, 3, 2, 5, 3, 2, 2, 1, 2, 3, 2, 1, 0, 5, 2, 1, 2, 3, 4, 2, 2, 4, 2, 4, 1, 0, 2, 5, 1, 2, 2, 1, 1, 4, 1, 4, 0, 1, 5, 3, 1, 2, 2, 4, 2, 2, 4, 1, 5, 1, 3, 2, 4, 3, 4, 2, 6, 4, 2, 0, 2, 3, 2, 0, 2, 0, 1, 1, 3, 1, 2, 4, 2, 5, 2, 5, 3, 3, 4, 3, 3, 3, 0, 3, 1, 2, 1, 3, 1, 1, 2, 3, 1, 2]",2.6501,0.2908,2.6413,0.2929,-1.0000,-1.0000
gamma_uniform_nc_iid_J_16,25,"[2, 4, 4, 2, 4, 5, 2, 3, 2, 5, 3, 2, 3, 1, 2, 3, 2, 1, 0, 5, 2, 1, 2, 3, 4, 3, 2, 4, 3, 4, 1, 0, 2, 5, 2, 2, 2, 1, 1, 4, 1, 5, 0, 1, 5, 3, 1, 2, 2, 4, 2, 2, 4, 1, 5, 1, 3, 2, 4, 3, 5, 2, 6, 4, 2, 1, 2, 3, 2, 0, 2, 0, 1, 2, 3, 1, 2, 4, 2, 5, 2, 5, 3, 3, 4, 3, 3, 3, 0, 3, 1, 2, 2, 3, 1, 1, 2, 3, 1, 2]",2.6389,0.2937,2.6300,0.2959,-1.0000,-1.0000
gamma_uniform_nc_iid_J_16,26,"[2, 4, 4, 2, 4, 5, 2, 3, 2, 5, 3, 2, 4, 1, 2, 4, 2, 1, 0, 5, 2, 1, 3, 3, 4, 3, 2, 4, 3, 4, 1, 0, 2, 5, 2, 2, 2, 1, 1, 4, 2, 5, 0, 1, 5, 3, 1, 2, 2, 4, 2, 2, 5, 1, 5, 1, 3, 2, 5, 3, 5, 2, 6, 4, 2, 1, 2, 4, 2, 0, 2, 0, 1, 2, 3, 1, 2, 4, 2, 5, 2, 5, 3, 3, 4, 3, 3, 3, 1, 3, 2, 3, 2, 3, 1, 1, 2, 3, 1, 2]",2.6329,0.2973,2.6226,0.2996,-1.0000,-1.0000
gamma_uniform_nc_iid_J_16,27,"[2, 5, 5, 2, 4, 5, 2, 3, 3, 6, 3, 2, 4, 1, 3, 4, 2, 1, 0, 5, 2, 1, 3, 3, 4, 3, 3, 4, 4, 4, 1, 0, 3, 5, 2, 2, 2, 2, 1, 4, 2, 5, 0, 1, 5, 3, 1, 2, 2, 4, 2, 2, 5, 1, 5, 1, 3, 2, 5, 4, 5, 2, 6, 4, 2, 1, 2, 4, 2, 0, 2, 0, 1, 2, 3, 1, 2, 4, 2, 5, 2, 5, 3, 3, 4, 3, 3, 3, 1, 3, 2, 3, 2, 3, 1, 1, 2, 3, 1, 2]",2.6261,0.2954,2.6158,0.2974,-1.0000,-1.0000
gamma_uniform_nc_iid_J_16,28,"[2, 5, 5, 2, 4, 5, 2, 4, 4, 6, 3, 2, 4, 2, 3, 4, 2, 1, 0, 5, 2, 1, 3, 3, 4, 3, 3, 5, 4, 4, 1, 0, 3, 5, 2, 2, 2, 2, 1, 4, 2, 6, 0, 1, 5, 3, 1, 2, 3, 4, 2, 2, 5, 2, 5, 1, 3, 2, 5, 4, 6, 3, 6, 4, 2, 1, 2, 4, 2, 0, 2, 0, 1, 2, 3, 1, 2, 4, 2, 6, 2, 5, 3, 3, 4, 3, 3, 3, 1, 3, 2, 3, 2, 3, 1, 1, 2, 3, 1, 2]",2.6120,0.2986,2.6019,0.3014,-1.0000,-1.0000
gamma_uniform_nc_iid_J_16,29,"[2, 5, 5, 2, 4, 5, 2, 4, 4, 6, 3, 2, 4, 2, 3, 4, 2, 1, 1, 5, 2, 1, 3, 3, 5, 3, 3, 5, 4, 4, 1, 0, 3, 5, 2, 3, 2, 2, 1, 4, 2, 6, 0, 1, 5, 3, 1, 3, 3, 4, 2, 2, 5, 2, 5, 1, 3, 2, 5, 4, 6, 3, 7, 4, 2, 1, 2, 4, 2, 0, 2, 0, 1, 2, 3, 2, 2, 4, 2, 6, 3, 5, 3, 3, 5, 3, 3, 3, 1, 3, 3, 3, 2, 3, 2, 1, 2, 3, 1, 2]",2.6018,0.3090,2.5917,0.3109,-1.0000,-1.0000
gamma_uniform_nc_iid_J_16,30,"[2, 6, 5, 2, 4, 5, 2, 4, 4, 6, 4, 3, 4, 2, 3, 4, 2, 1, 1, 5, 2, 1, 3, 3, 5, 3, 4, 5, 4, 4, 1, 0, 3, 5, 2, 3, 2, 2, 1, 4, 2, 6, 0, 1, 5, 3, 1, 3, 3, 5, 2, 2, 5, 2, 5, 1, 3, 2, 5, 4, 6, 3, 7, 4, 2, 1, 2, 4, 2, 0, 3, 0, 1, 2, 3, 2, 2, 4, 2, 6, 4, 5, 3, 3, 5, 3, 4, 4, 1, 3, 3, 3, 2, 3, 2, 1, 2, 3, 1, 3]",2.5931,0.3042,2.5827,0.3066,2.5889,0.3058
gamma_uniform_nc_iid_J_16,31,"[2, 6, 5, 2, 4, 5, 2, 4, 4, 6, 4, 3, 5, 2, 3, 4, 3, 1, 2, 5, 2, 1, 3, 3, 5, 3, 5, 5, 4, 4, 1, 0, 3, 5, 2, 3, 2, 2, 1, 4, 2, 7, 0, 1, 5, 3, 1, 3, 3, 5, 2, 2, 5, 2, 5, 1, 3, 2, 6, 4, 6, 3, 7, 4, 2, 1, 2, 4, 2, 1, 3, 0, 1, 2, 3, 2, 2, 5, 3, 6, 4, 5, 3, 3, 5, 3, 4, 4, 1, 3, 3, 3, 2, 3, 2, 1, 2, 3, 2, 3]",2.5894,0.3113,2.5788,0.3133,-1.0000,-1.0000
gamma_uniform_nc_iid_J_16,32,"[2, 6, 5, 2, 4, 5, 2, 5, 4, 6, 4, 3, 5, 3, 3, 4, 3, 2, 3, 5, 3, 1, 3, 3, 5, 3, 5, 5, 4, 4, 1, 0, 3, 5, 2, 3, 2, 2, 1, 4, 2, 7, 0, 1, 5, 3, 1, 3, 3, 5, 2, 2, 5, 2, 5, 1, 3, 2, 6, 4, 6, 3, 7, 5, 3, 1, 2, 4, 2, 1, 3, 0, 1, 2, 3, 2, 2, 6, 3, 6, 4, 5, 3, 3, 5, 3, 4, 4, 1, 3, 4, 3, 2, 3, 2, 2, 2, 3, 2, 3]",2.5771,0.3126,2.5673,0.3144,-1.0000,-1.0000
gamma_uniform_nc_iid_J_16,33,"[2, 6, 5, 2, 4, 5, 2, 5, 4, 6, 4, 3, 5, 3, 3, 5, 3, 3, 3, 5, 3, 1, 3, 3, 5, 3, 6, 5, 4, 4, 1, 0, 3, 5, 2, 3, 2, 2, 1, 5, 2, 7, 0, 1, 5, 4, 2, 3, 3, 5, 2, 2, 5, 2, 5, 1, 3, 2, 6, 4, 6, 3, 7, 5, 3, 1, 2, 4, 2, 1, 3, 0, 2, 2, 3, 2, 2, 6, 3, 6, 4, 5, 3, 3, 5, 3, 4, 4, 1, 3, 4, 4, 2, 3, 3, 3, 2, 3, 2, 3]",2.5717,0.3106,2.5614,0.3128,-1.0000,-1.0000
gamma_uniform_nc_iid_J_16,34,"[2, 6, 5, 2, 4, 5, 2, 5, 4, 7, 5, 3, 5, 3, 3, 5, 3, 4, 3, 5, 3, 1, 3, 3, 5, 3, 7, 5, 4, 4, 1, 0, 3, 5, 3, 3, 3, 2, 1, 6, 2, 7, 0, 1, 5, 4, 2, 3, 3, 5, 2, 3, 5, 2, 5, 1, 3, 3, 6, 4, 6, 3, 7, 5, 3, 1, 2, 4, 2, 1, 3, 0, 2, 2, 3, 2, 2, 6, 3, 6, 4, 5, 3, 3, 5, 3, 4, 4, 1, 3, 4, 4, 2, 3, 3, 3, 2, 3, 2, 4]",2.5650,0.3156,2.5544,0.3177,-1.0000,-1.0000
gamma_uniform_nc_iid_J_16,35,"[2, 6, 5, 2, 5, 6, 2, 5, 4, 7, 5, 3, 5, 3, 3, 5, 3, 4, 4, 6, 3, 1, 3, 3, 5, 3, 7, 6, 4, 4, 1, 0, 3, 5, 3, 3, 3, 2, 1, 6, 2, 7, 0, 1, 5, 4, 2, 3, 4, 5, 2, 3, 5, 2, 5, 1, 3, 3, 6, 4, 7, 3, 7, 5, 4, 1, 2, 4, 2, 1, 3, 0, 2, 2, 3, 2, 2, 6, 3, 6, 4, 5, 3, 3, 5, 3, 4, 4, 1, 4, 4, 4, 2, 3, 3, 3, 2, 3, 3, 4]",2.5570,0.3208,2.5470,0.3231,-1.0000,-1.0000
gamma_uniform_nc_iid_J_16,36,"[3, 6, 5, 2, 5, 6, 2, 5, 4, 7, 5, 3, 5, 3, 3, 5, 4, 5, 4, 7, 3, 1, 3, 3, 5, 4, 7, 6, 4, 4, 1, 0, 3, 5, 3, 3, 3, 2, 1, 6, 2, 7, 0, 1, 5, 4, 3, 3, 4, 5, 2, 3, 6, 2, 5, 2, 3, 3, 6, 4, 7, 3, 7, 5, 4, 1, 2, 4, 2, 1, 3, 0, 2, 2, 3, 2, 2, 6, 3, 6, 4, 5, 3, 3, 5, 3, 4, 4, 1, 4, 4, 4, 3, 3, 3, 3, 3, 3, 3, 4]",2.5523,0.3219,2.5424,0.3239,-1.0000,-1.0000
gamma_uniform_nc_iid_J_16,37,"[3, 6, 5, 3, 5, 6, 2, 5, 4, 7, 5, 3, 6, 3, 3, 5, 4, 5, 4, 7, 4, 2, 3, 3, 5, 4, 7, 6, 4, 4, 1, 0, 3, 5, 3, 3, 3, 2, 1, 6, 2, 7, 0, 1, 5, 4, 3, 4, 4, 5, 2, 3, 6, 2, 5, 2, 3, 3, 6, 4, 7, 3, 7, 5, 4, 1, 2, 4, 2, 1, 3, 0, 2, 2, 3, 2, 3, 7, 3, 6, 4, 5, 3, 3, 5, 3, 4, 5, 1, 4, 4, 5, 4, 3, 3, 3, 3, 3, 3, 4]",2.5467,0.3213,2.5360,0.3232,-1.0000,-1.0000
gamma_uniform_nc_iid_J_16,38,"[3, 6, 5, 3, 6, 6, 2, 5, 4, 8, 5, 3, 6, 3, 3, 6, 4, 5, 4, 8, 4, 2, 3, 3, 6, 4, 8, 6, 4, 4, 1, 0, 3, 5, 3, 3, 3, 2, 1, 6, 2, 7, 0, 1, 5, 4, 3, 4, 4, 5, 2, 3, 6, 2, 5, 2, 4, 3, 6, 4, 7, 3, 7, 6, 4, 1, 2, 4, 2, 1, 4, 0, 3, 2, 3, 2, 3, 7, 3, 6, 4, 5, 3, 3, 5, 3, 4, 5, 1, 4, 4, 5, 4, 3, 3, 3, 3, 3, 3, 4]",2.5366,0.3221,2.5260,0.3245,-1.0000,-1.0000
gamma_uniform_nc_iid_J_16,39,"[4, 6, 6, 3, 6, 6, 2, 5, 4, 8, 5, 3, 6, 3, 3, 6, 4, 6, 4, 8, 4, 2, 3, 3, 6, 4, 8, 6, 4, 4, 1, 0, 3, 5, 3, 3, 3, 2, 1, 6, 3, 7, 0, 1, 5, 5, 3, 4, 4, 5, 2, 3, 7, 2, 5, 3, 4, 3, 7, 4, 7, 3, 7, 6, 4, 1, 2, 4, 2, 1, 4, 0, 3, 2, 3, 2, 3, 7, 3, 6, 4, 5, 3, 3, 6, 3, 4, 5, 1, 4, 4, 5, 4, 3, 3, 4, 3, 3, 3, 4]",2.5315,0.3233,2.5212,0.3259,-1.0000,-1.0000
gamma_uniform_nc_iid_J_16,40,"[5, 6, 6, 4, 6, 6, 2, 5, 4, 8, 5, 3, 6, 3, 3, 6, 4, 6, 4, 8, 4, 2, 4, 4, 6, 4, 8, 6, 4, 4, 1, 0, 3, 6, 3, 3, 3, 2, 1, 6, 3, 7, 0, 1, 5, 5, 3, 4, 4, 5, 2, 3, 7, 2, 5, 4, 4, 4, 7, 4, 8, 3, 7, 6, 4, 1, 2, 4, 2, 1, 4, 0, 3, 2, 3, 2, 3, 8, 3, 6, 4, 5, 3, 3, 6, 4, 4, 5, 1, 4, 4, 5, 4, 3, 3, 4, 3, 3, 3, 4]",2.5240,0.3231,2.5139,0.3255,2.5200,0.3242
gamma_uniform_nc_iid_J_16,41,"[5, 6, 6, 4, 6, 7, 3, 5, 4, 8, 5, 3, 6, 3, 3, 6, 4, 6, 4, 8, 5, 2, 4, 4, 6, 4, 8, 6, 4, 4, 1, 0, 3, 6, 3, 3, 3, 2, 1, 7, 3, 7, 0, 1, 5, 5, 3, 4, 4, 5, 2, 3, 7, 2, 5, 4, 4, 4, 7, 4, 9, 3, 7, 6, 4, 1, 2, 4, 2, 1, 4, 0, 4, 2, 4, 3, 3, 8, 3, 6, 4, 5, 3, 3, 6, 4, 4, 5, 1, 4, 5, 5, 4, 4, 3, 4, 3, 3, 3, 4]",2.5192,0.3258,2.5087,0.3284,-1.0000,-1.0000
gamma_uniform_nc_iid_J_16,42,"[5, 6, 6, 4, 6, 7, 3, 5, 4, 8, 5, 3, 6, 3, 3, 6, 4, 6, 4, 8, 5, 2, 4, 4, 6, 4, 8, 7, 5, 4, 1, 0, 3, 6, 3, 4, 4, 2, 1, 7, 3, 8, 1, 1, 5, 5, 3, 4, 4, 5, 2, 3, 7, 2, 5, 5, 4, 4, 7, 4, 9, 3, 7, 6, 4, 2, 2, 4, 2, 1, 4, 0, 5, 2, 4, 3, 3, 8, 3, 6, 4, 5, 3, 3, 6, 4, 4, 5, 1, 4, 5, 6, 4, 4, 3, 4, 3, 3, 3, 4]",2.5153,0.3265,2.5045,0.3291,-1.0000,-1.0000
gamma_uniform_nc_iid_J_16,43,"[5, 7, 6, 4, 6, 7, 3, 6, 4, 8, 5, 3, 6, 3, 4, 6, 4, 6, 4, 8, 5, 2, 4, 4, 6, 4, 8, 7, 5, 4, 1, 0, 3, 6, 3, 4, 4, 2, 1, 7, 3, 8, 1, 1, 5, 5, 3, 4, 4, 5, 2, 3, 7, 2, 5, 5, 4, 4, 7, 4, 9, 3, 8, 6, 4, 2, 2, 4, 2, 1, 4, 0, 5, 2, 4, 3, 4, 8, 3, 7, 4, 5, 3, 3, 7, 4, 5, 5, 1, 5, 5, 6, 5, 4, 3, 4, 3, 3, 3, 4]",2.5112,0.3277,2.5002,0.3301,-1.0000,-1.0000
gamma_uniform_nc_iid_J_16,44,"[5, 7, 6, 4, 6, 7, 3, 6, 4, 8, 6, 3, 6, 3, 4, 6, 4, 7, 4, 9, 5, 2, 4, 4, 6, 4, 8, 7, 5, 5, 1, 0, 3, 6, 3, 4, 4, 2, 1, 7, 3, 8, 1, 1, 5, 5, 3, 5, 4, 5, 2, 3, 7, 2, 5, 5, 4, 5, 7, 4, 9, 3, 9, 6, 4, 3, 2, 4, 2, 1, 4, 0, 5, 2, 4, 3, 4, 8, 3, 7, 5, 5, 3, 3, 7, 4, 5, 5, 1, 5, 5, 6, 5, 4, 3, 4, 4, 3, 3, 4]",2.5035,0.3301,2.4933,0.3328,-1.0000,-1.0000
gamma_uniform_nc_iid_J_16,45,"[5, 7, 6, 4, 6, 7, 4, 6, 4, 8, 6, 3, 6, 3, 4, 6, 4, 8, 4, 9, 5, 2, 4, 4, 6, 4, 8, 7, 6, 5, 2, 0, 3, 6, 4, 4, 4, 2, 1, 8, 3, 8, 2, 1, 5, 5, 3, 6, 4, 5, 2, 3, 7, 2, 5, 6, 4, 5, 7, 4, 9, 3, 9, 6, 4, 3, 2, 4, 2, 1, 4, 0, 5, 2, 4, 3, 4, 8, 3, 7, 5, 5, 3, 3, 8, 4, 5, 5, 1, 5, 5, 6, 5, 4, 3, 4, 4, 3, 3, 4]",2.4983,0.3271,2.4877,0.3294,-1.0000,-1.0000
gamma_uniform_nc_iid_J_16,46,"[5, 7, 6, 4, 7, 7, 4, 6, 4, 9, 6, 3, 6, 3, 4, 6, 4, 9, 4, 9, 5, 2, 5, 4, 6, 4, 8, 7, 6, 5, 2, 0, 4, 6, 4, 4, 4, 2, 1, 8, 3, 8, 2, 1, 5, 5, 3, 6, 4, 5, 2, 3, 7, 2, 5, 6, 4, 5, 8, 4, 9, 3, 9, 6, 4, 3, 2, 4, 2, 1, 4, 1, 5, 2, 4, 3, 4, 8, 3, 8, 5, 5, 4, 3, 8, 4, 5, 5, 1, 5, 5, 6, 6, 4, 3, 4, 4, 3, 3, 4]",2.4918,0.3272,2.4817,0.3301,-1.0000,-1.0000
gamma_uniform_nc_iid_J_16,47,"[5, 7, 6, 4, 7, 7, 4, 6, 4, 9, 6, 3, 6, 4, 4, 6, 4, 9, 4, 9, 5, 2, 6, 4, 6, 5, 8, 7, 6, 5, 3, 0, 4, 6, 4, 4, 4, 2, 1, 8, 3, 8, 2, 1, 5, 5, 3, 6, 4, 5, 2, 3, 7, 2, 5, 7, 4, 5, 8, 4, 9, 3, 9, 6, 4, 3, 2, 4, 2, 1, 4, 2, 5, 2, 4, 3, 4, 9, 3, 8, 5, 6, 4, 3, 8, 5, 5, 5, 1, 5, 5, 6, 6, 4, 3, 4, 4, 3, 4, 4]",2.4853,0.3288,2.4754,0.3313,-1.0000,-1.0000
gamma_uniform_nc_iid_J_16,48,"[5, 7, 6, 4, 7, 7, 4, 6, 4, 10, 6, 3, 6, 4, 4, 6, 4, 9, 4, 9, 5, 2, 6, 4, 7, 5, 8, 7, 7, 5, 3, 0, 4, 6, 4, 4, 4, 2, 1, 9, 3, 8, 2, 1, 5, 5, 3, 6, 4, 5, 2, 3, 7, 2, 5, 7, 4, 6, 8, 4, 9, 3, 10, 6, 4, 4, 2, 4, 2, 1, 4, 2, 5, 2, 4, 3, 4, 9, 3, 9, 5, 6, 4, 3, 8, 5, 5, 5, 1, 5, 5, 6, 6, 4, 4, 4, 5, 3, 4, 4]",2.4823,0.3289,2.4722,0.3320,-1.0000,-1.0000
gamma_uniform_nc_iid_J_16,49,"[5, 7, 6, 4, 7, 7, 4, 6, 4, 10, 6, 3, 6, 4, 4, 7, 4, 9, 4, 10, 5, 2, 6, 4, 7, 5, 8, 7, 7, 5, 4, 0, 4, 6, 4, 4, 4, 2, 1, 9, 3, 9, 2, 1, 5, 5, 3, 6, 4, 5, 3, 3, 7, 2, 5, 7, 5, 6, 8, 4, 9, 3, 10, 6, 4, 4, 2, 4, 2, 1, 4, 2, 5, 2, 5, 3, 4, 9, 3, 9, 5, 6, 4, 3, 8, 5, 5, 6, 1, 5, 5, 6, 6, 5, 4, 4, 5, 3, 5, 4]",2.4756,0.3350,2.4655,0.3375,-1.0000,-1.0000
gamma_uniform_nc_iid_J_16,50,"[5, 7, 6, 4, 7, 7, 4, 6, 4, 10, 6, 3, 6, 5, 5, 7, 5, 9, 4, 10, 5, 2, 6, 4, 7, 5, 8, 7, 7, 5, 4, 0, 4, 6, 4, 4, 4, 2, 1, 9, 3, 9, 2, 2, 5, 5, 3, 6, 4, 5, 3, 4, 7, 2, 5, 8, 5, 6, 8, 4, 9, 3, 10, 6, 4, 5, 2, 4, 2, 1, 4, 2, 5, 2, 6, 3, 4, 9, 4, 9, 5, 6, 4, 3, 8, 5, 5, 6, 2, 5, 5, 6, 6, 5, 4, 4, 5, 3, 5, 4]",2.4710,0.3341,2.4601,0.3369,2.4667,0.3355
gamma_uniform_nc_iid_J_16,51,"[6, 8, 6, 4, 7, 8, 4, 6, 4, 10, 6, 3, 6, 6, 5, 7, 5, 9, 4, 10, 5, 2, 6, 4, 8, 5, 8, 7, 7, 5, 4, 0, 4, 6, 4, 4, 4, 2, 1, 9, 3, 9, 2, 2, 5, 5, 3, 6, 4, 5, 3, 4, 7, 2, 5, 9, 5, 6, 8, 4, 9, 3, 10, 6, 5, 5, 2, 4, 2, 1, 4, 2, 5, 2, 6, 4, 4, 9, 4, 9, 5, 6, 4, 4, 8, 5, 5, 6, 2, 5, 5, 6, 6, 5, 5, 4, 5, 3, 5, 4]",2.4686,0.3340,2.4572,0.3371,-1.0000,-1.0000
gamma_uniform_nc_iid_J_16,52,"[6, 9, 6, 4, 8, 8, 4, 6, 4, 10, 6, 3, 6, 6, 5, 7, 5, 9, 4, 10, 6, 2, 6, 4, 8, 5, 8, 7, 8, 5, 4, 0, 4, 7, 4, 4, 4, 2, 1, 9, 3, 9, 2, 2, 5, 5, 3, 6, 5, 5, 3, 4, 7, 2, 5, 9, 5, 6, 8, 4, 9, 3, 10, 6, 5, 5, 2, 4, 2, 1, 4, 2, 6, 3, 6, 4, 4, 9, 4, 9, 5, 6, 4, 4, 8, 5, 5, 6, 2, 5, 5, 6, 6, 6, 6, 4, 5, 3, 5, 4]",2.4617,0.3357,2.4502,0.3386,-1.0000,-1.0000
gamma_uniform_nc_iid_J_16,53,"[6, 9, 6, 4, 8, 8, 4, 6, 4, 11, 7, 3, 6, 6, 5, 7, 5, 9, 4, 10, 6, 2, 6, 4, 8, 5, 8, 7, 9, 5, 4, 0, 5, 7, 4, 4, 4, 2, 1, 9, 3, 9, 2, 2, 6, 5, 3, 6, 5, 5, 3, 4, 7, 2, 6, 9, 5, 6, 8, 4, 10, 3, 10, 6, 5, 6, 2, 4, 2, 1, 4, 2, 7, 3, 6, 4, 4, 9, 4, 9, 5, 6, 4, 4, 8, 5, 5, 6, 2, 5, 5, 6, 6, 6, 6, 4, 6, 3, 5, 4]",2.4583,0.3346,2.4469,0.3378,-1.0000,-1.0000
gamma_uniform_nc_iid_J_16,54,"[6, 9, 6, 4, 9, 8, 4, 6, 4, 11, 7, 3, 6, 6, 5, 8, 5, 9, 4, 10, 6, 2, 6, 4, 8, 5, 8, 7, 9, 5, 4, 0, 6, 7, 5, 4, 4, 2, 1, 9, 3, 9, 2, 2, 6, 5, 3, 6, 5, 5, 3, 4, 7, 2, 6, 9, 5, 6, 8, 4, 10, 3, 10, 6, 5, 6, 3, 5, 2, 1, 4, 2, 7, 3, 6, 4, 4, 9, 4, 9, 5, 6, 4, 5, 8, 5, 6, 6, 3, 5, 5, 6, 6, 6, 6, 5, 6, 3, 5, 4]",2.4528,0.3353,2.4419,0.3384,-1.0000,-1.0000
gamma_uniform_nc_iid_J_16,55,"[6, 9, 6, 4, 9, 8, 4, 6, 4, 12, 8, 4, 6, 6, 6, 8, 5, 10, 4, 10, 6, 2, 6, 4, 8, 5, 8, 7, 9, 5, 4, 1, 6, 7, 5, 4, 4, 2, 1, 9, 3, 9, 2, 2, 6, 5, 3, 6, 5, 6, 3, 4, 7, 2, 6, 9, 5, 6, 8, 4, 10, 3, 10, 6, 5, 6, 3, 5, 2, 1, 4, 2, 7, 3, 6, 4, 4, 10, 4, 10, 5, 6, 4, 5, 8, 5, 6, 6, 3, 5, 5, 6, 6, 6, 6, 5, 6, 3, 5, 5]",2.4501,0.3388,2.4392,0.3419,-1.0000,-1.0000
gamma_uniform_nc_iid_J_16,56,"[6, 9, 6, 4, 10, 8, 4, 6, 4, 12, 8, 4, 6, 6, 6, 8, 5, 11, 4, 10, 6, 2, 7, 4, 8, 5, 8, 7, 9, 6, 4, 1, 6, 7, 5, 4, 4, 3, 1, 9, 3, 9, 2, 2, 6, 5, 3, 6, 5, 6, 3, 4, 7, 3, 6, 9, 5, 6, 8, 4, 10, 3, 10, 6, 5, 6, 3, 5, 2, 2, 5, 2, 7, 3, 6, 4, 4, 10, 4, 10, 5, 6, 4, 5, 8, 5, 7, 6, 4, 5, 5, 6, 6, 6, 6, 5, 6, 3, 5, 5]",2.4447,0.3377,2.4341,0.3405,-1.0000,-1.0000
gamma_uniform_nc_iid_J_16,57,"[6, 9, 6, 4, 10, 8, 4, 6, 4, 12, 9, 4, 6, 6, 6, 8, 5, 11, 4, 10, 6, 2, 7, 4, 8, 5, 8, 7, 9, 6, 4, 1, 6, 7, 6, 4, 4, 3, 1, 9, 4, 9, 3, 2, 6, 6, 4, 6, 5, 6, 3, 4, 7, 3, 6, 9, 5, 6, 8, 4, 10, 3, 10, 6, 5, 7, 3, 5, 2, 2, 5, 2, 7, 3, 6, 4, 4, 10, 4, 10, 6, 6, 4, 5, 8, 5, 7, 6, 4, 5, 5, 6, 7, 6, 6, 5, 6, 3, 6, 5]",2.4422,0.3426,2.4313,0.3456,-1.0000,-1.0000
gamma_uniform_nc_iid_J_16,58,"[6, 9, 6, 4, 10, 8, 4, 7, 4, 12, 9, 4, 6, 6, 7, 8, 6, 11, 4, 10, 6, 2, 7, 5, 8, 5, 8, 7, 10, 6, 5, 1, 6, 7, 6, 4, 4, 3, 1, 10, 4, 9, 3, 2, 6, 6, 4, 6, 5, 6, 3, 4, 7, 3, 6, 9, 5, 6, 8, 4, 10, 3, 10, 7, 5, 7, 3, 6, 2, 2, 5, 2, 7, 3, 6, 4, 4, 10, 4, 10, 6, 6, 4, 5, 9, 5, 7, 6, 4, 5, 5, 6, 7, 6, 6, 5, 6, 3, 6, 5]",2.4382,0.3461,2.4271,0.3494,-1.0000,-1.0000
gamma_uniform_nc_iid_J_16,59,"[6, 9, 6, 4, 10, 8, 4, 7, 4, 12, 10, 4, 6, 6, 7, 8, 6, 11, 4, 10, 6, 2, 8, 5, 9, 5, 8, 7, 10, 6, 5, 1, 6, 7, 6, 4, 4, 3, 1, 10, 4, 9, 3, 2, 6, 7, 4, 7, 5, 7, 3, 5, 7, 3, 6, 9, 5, 6, 8, 4, 10, 3, 10, 8, 5, 7, 3, 6, 2, 2, 5, 2, 7, 3, 6, 4, 4, 10, 4, 10, 6, 7, 4, 5, 9, 5, 7, 6, 4, 5, 5, 6, 7, 7, 6, 5, 6, 3, 6, 5]",2.4362,0.3459,2.4244,0.3497,-1.0000,-1.0000
gamma_uniform_nc_iid_J_16,60,"[6, 9, 6, 4, 10, 8, 4, 7, 4, 12, 10, 4, 6, 7, 7, 8, 6, 11, 4, 10, 7, 2, 8, 5, 9, 5, 8, 7, 10, 6, 5, 1, 6, 7, 6, 4, 4, 3, 1, 10, 4, 10, 4, 2, 6, 7, 4, 7, 5, 7, 3, 5, 7, 3, 6, 9, 5, 6, 8, 4, 10, 3, 10, 9, 5, 7, 3, 6, 2, 2, 5, 3, 7, 3, 7, 4, 4, 10, 4, 10, 6, 7, 4, 5, 9, 5, 7, 6, 4, 5, 6, 6, 7, 7, 7, 5, 6, 4, 6, 5]",2.4290,0.3435,2.4179,0.3479,2.4248,0.3454
gamma_uniform_nc_iid_J_16,61,"[6, 9, 6, 4, 10, 8, 4, 8, 4, 12, 10, 4, 6, 7, 7, 8, 6, 11, 4, 10, 7, 3, 8, 5, 10, 5, 8, 7, 10, 6, 5, 1, 6, 7, 6, 4, 4, 3, 1, 10, 4, 11, 4, 2, 7, 7, 4, 7, 5, 8, 3, 5, 7, 3, 6, 9, 5, 6, 8, 4, 11, 3, 10, 9, 5, 7, 3, 6, 2, 2, 5, 3, 7, 3, 7, 5, 4, 10, 4, 10, 6, 7, 4, 6, 9, 5, 8, 6, 4, 5, 6, 6, 7, 7, 7, 5, 6, 4, 6, 5]",2.4255,0.3451,2.4141,0.3492,-1.0000,-1.0000
gamma_uniform_nc_iid_J_16,62,"[6, 9, 7, 4, 10, 8, 4, 8, 4, 12, 10, 4, 6, 7, 7, 8, 6, 11, 4, 10, 7, 3, 8, 5, 11, 5, 8, 8, 10, 6, 5, 1, 6, 7, 6, 4, 4, 3, 1, 10, 4, 11, 4, 2, 7, 7, 4, 7, 5, 9, 3, 5, 7, 3, 6, 9, 5, 6, 8, 4, 11, 3, 10, 10, 5, 7, 3, 6, 2, 2, 5, 3, 8, 3, 8, 5, 5, 10, 4, 10, 7, 7, 4, 6, 9, 5, 8, 6, 4, 5, 6, 7, 7, 7, 7, 5, 6, 4, 6, 5]",2.4208,0.3467,2.4096,0.3502,-1.0000,-1.0000
gamma_uniform_nc_iid_J_16,63,"[6, 9, 7, 4, 10, 8, 4, 8, 4, 12, 10, 4, 6, 7, 7, 8, 6, 11, 4, 10, 7, 3, 8, 5, 11, 5, 8, 8, 10, 6, 5, 2, 6, 7, 7, 4, 4, 3, 1, 11, 4, 11, 4, 2, 7, 7, 4, 7, 5, 9, 3, 5, 7, 3, 6, 9, 5, 6, 8, 4, 11, 3, 10, 11, 5, 7, 3, 6, 2, 2, 6, 3, 8, 3, 8, 6, 5, 10, 4, 11, 7, 7, 4, 6, 9, 5, 8, 6, 5, 5, 6, 8, 7, 7, 7, 5, 6, 5, 6, 5]",2.4191,0.3461,2.4078,0.3499,-1.0000,-1.0000
gamma_uniform_nc_iid_J_16,64,"[6, 9, 7, 4, 10, 8, 4, 8, 4, 13, 10, 4, 6, 7, 7, 8, 6, 11, 4, 10, 7, 4, 8, 5, 11, 5, 8, 8, 10, 6, 5, 2, 7, 7, 7, 4, 4, 3, 1, 11, 4, 11, 4, 2, 7, 7, 4, 8, 5, 9, 3, 5, 7, 3, 6, 9, 5, 7, 8, 4, 11, 3, 10, 11, 5, 7, 4, 6, 2, 2, 7, 3, 8, 3, 8, 6, 5, 10, 4, 11, 8, 7, 5, 6, 9, 5, 8, 6, 5, 5, 6, 8, 7, 7, 8, 5, 6, 5, 6, 5]",2.4151,0.3488,2.4040,0.3527,-1.0000,-1.0000
gamma_uniform_nc_iid_J_16,65,"[7, 9, 8, 4, 10, 8, 4, 8, 4, 13, 10, 4, 7, 7, 7, 8, 6, 11, 4, 11, 7, 4, 8, 5, 11, 5, 8, 8, 10, 6, 5, 2, 7, 7, 7, 4, 4, 4, 1, 11, 4, 11, 4, 2, 7, 7, 4, 8, 5, 9, 4, 5, 7, 3, 6, 9, 5, 7, 9, 4, 11, 3, 11, 11, 5, 7, 4, 6, 2, 2, 7, 3, 8, 3, 8, 6, 5, 11, 5, 11, 8, 7, 5, 6, 9, 5, 8, 6, 5, 5, 6, 8, 7, 7, 8, 5, 6, 5, 6, 5]",2.4105,0.3495,2.3992,0.3527,-1.0000,-1.0000
gamma_uniform_nc_iid_J_16,66,"[7, 9, 8, 5, 10, 9, 4, 8, 4, 13, 11, 4, 7, 7, 7, 8, 6, 11, 4, 11, 7, 4, 8, 5, 11, 6, 8, 8, 10, 6, 5, 3, 7, 7, 7, 4, 4, 4, 1, 11, 4, 11, 4, 2, 7, 7, 4, 8, 5, 9, 4, 5, 7, 4, 6, 9, 5, 7, 9, 5, 11, 3, 11, 11, 5, 7, 4, 6, 2, 2, 7, 3, 8, 3, 8, 6, 5, 11, 5, 11, 8, 7, 5, 6, 9, 5, 8, 6, 5, 5, 6, 9, 7, 7, 8, 6, 6, 5, 6, 6]",2.4105,0.3521,2.3987,0.3560,-1.0000,-1.0000
gamma_uniform_nc_iid_J_16,67,"[7, 9, 8, 5, 10, 9, 4, 8, 4, 13, 11, 4, 8, 7, 8, 8, 6, 11, 4, 11, 7, 4, 8, 5, 12, 6, 8, 8, 10, 6, 5, 3, 7, 7, 7, 4, 4, 4, 1, 11, 4, 11, 4, 2, 7, 7, 4, 8, 5, 10, 4, 5, 7, 4, 7, 9, 5, 7, 9, 5, 11, 3, 11, 12, 5, 7, 4, 6, 2, 2, 7, 3, 9, 3, 9, 6, 5, 11, 5, 11, 8, 7, 5, 6, 9, 5, 8, 6, 5, 6, 6, 9, 7, 7, 8, 6, 6, 5, 7, 6]",2.4060,0.3546,2.3951,0.3584,-1.0000,-1.0000
gamma_uniform_nc_iid_J_16,68,"[7, 9, 8, 5, 10, 10, 4, 9, 4, 13, 11, 4, 8, 7, 8, 8, 6, 11, 4, 11, 7, 4, 9, 5, 12, 6, 8, 8, 10, 6, 5, 3, 7, 7, 8, 4, 4, 4, 1, 11, 4, 11, 4, 2, 7, 7, 4, 8, 5, 10, 4, 5, 7, 4, 7, 9, 5, 8, 9, 5, 11, 3, 11, 12, 5, 7, 4, 7, 2, 2, 8, 3, 9, 3, 9, 7, 5, 11, 5, 11, 8, 7, 5, 6, 9, 5, 8, 6, 5, 6, 6, 9, 8, 8, 8, 6, 6, 5, 7, 6]",2.4019,0.3563,2.3910,0.3600,-1.0000,-1.0000
gamma_uniform_nc_iid_J_16,69,"[8, 9, 8, 5, 11, 11, 4, 9, 4, 13, 11, 4, 8, 7, 8, 8, 6, 11, 4, 11, 7, 4, 10, 5, 12, 6, 8, 8, 10, 6, 5, 3, 7, 7, 8, 4, 4, 4, 1, 12, 4, 11, 4, 2, 7, 7, 4, 8, 5, 11, 4, 5, 7, 4, 7, 9, 5, 8, 9, 5, 11, 3, 11, 12, 5, 7, 4, 7, 2, 2, 8, 3, 9, 4, 9, 7, 5, 11, 5, 11, 8, 7, 5, 6, 9, 5, 8, 6, 5, 6, 6, 10, 8, 8, 8, 6, 6, 6, 8, 6]",2.3993,0.3571,2.3873,0.3607,-1.0000,-1.0000
gamma_uniform_nc_iid_J_16,70,"[8, 9, 8, 5, 11, 11, 4, 9, 5, 13, 11, 4, 8, 7, 8, 8, 6, 11, 4, 12, 7, 4, 10, 5, 12, 6, 8, 8, 10, 6, 5, 4, 7, 7, 8, 4, 4, 4, 1, 12, 4, 11, 4, 2, 7, 7, 4, 8, 5, 11, 4, 5, 7, 4, 8, 9, 5, 8, 9, 5, 12, 4, 11, 12, 5, 7, 4, 7, 2, 2, 8, 3, 9, 5, 9, 7, 5, 11, 5, 12, 8, 7, 5, 6, 9, 5, 8, 6, 6, 6, 6, 11, 8, 8, 8, 6, 6, 6, 8, 6]",2.3966,0.3576,2.3850,0.3611,2.3921,0.3589
gamma_uniform_nc_iid_J_16,71,"[8, 9, 9, 5, 11, 11, 4, 9, 5, 14, 11, 4, 8, 7, 8, 8, 6, 11, 4, 12, 7, 4, 10, 5, 12, 6, 8, 8, 11, 6, 5, 4, 8, 7, 8, 4, 4, 4, 1, 12, 4, 11, 4, 2, 7, 7, 4, 9, 5, 11, 4, 5, 8, 5, 8, 9, 5, 8, 9, 5, 13, 4, 11, 12, 5, 8, 4, 7, 2, 2, 8, 3, 9, 5, 9, 7, 5, 11, 5, 12, 8, 7, 5, 6, 9, 6, 8, 6, 6, 6, 6, 11, 8, 8, 8, 6, 6, 6, 8, 6]",2.3945,0.3561,2.3828,0.3595,-1.0000,-1.0000
gamma_uniform_nc_iid_J_16,72,"[8, 9, 9, 5, 11, 11, 4, 9, 5, 14, 11, 4, 8, 7, 8, 9, 6, 11, 4, 13, 7, 4, 11, 5, 12, 6, 8, 8, 11, 6, 5, 5, 8, 7, 8, 4, 4, 4, 1, 12, 5, 12, 4, 2, 7, 7, 4, 9, 5, 11, 4, 5, 8, 5, 8, 9, 5, 8, 10, 5, 13, 4, 11, 12, 5, 8, 4, 7, 2, 2, 8, 3, 9, 5, 9, 7, 5, 12, 5, 12, 8, 7, 5, 7, 9, 6, 8, 6, 6, 6, 6, 11, 8, 8, 8, 6, 6, 7, 8, 6]",2.3891,0.3592,2.3781,0.3620,-1.0000,-1.0000
gamma_uniform_nc_iid_J_16,73,"[8, 9, 9, 5, 11, 11, 4, 9, 5, 15, 11, 4, 8, 7, 8, 9, 6, 11, 4, 13, 7, 4, 11, 5, 12, 7, 8, 8, 11, 6, 6, 5, 8, 8, 8, 4, 4, 4, 1, 12, 5, 12, 4, 2, 7, 7, 4, 9, 5, 11, 4, 5, 8, 5, 8, 9, 5, 8, 10, 5, 13, 4, 11, 12, 5, 8, 4, 7, 2, 2, 8, 4, 9, 5, 9, 7, 5, 13, 5, 12, 9, 7, 5, 7, 9, 6, 8, 7, 6, 6, 7, 11, 8, 9, 8, 6, 6, 7, 8, 6]",2.3852,0.3576,2.3738,0.3610,-1.0000,-1.0000
gamma_uniform_nc_iid_J_16,74,"[8, 10, 9, 5, 11, 11, 4, 9, 5, 15, 11, 4, 8, 7, 8, 9, 6, 12, 4, 13, 7, 5, 11, 5, 12, 7, 8, 8, 11, 6, 6, 5, 8, 8, 8, 4, 4, 4, 1, 12, 5, 12, 4, 2, 7, 7, 5, 9, 5, 11, 4, 6, 8, 5, 8, 9, 6, 8, 10, 5, 13, 5, 11, 13, 5, 8, 4, 7, 2, 2, 8, 4, 9, 5, 9, 7, 5, 13, 5, 12, 9, 8, 5, 7, 9, 6, 8, 7, 6, 6, 7, 11, 8, 9, 8, 7, 6, 7, 8, 6]",2.3801,0.3582,2.3688,0.3623,-1.0000,-1.0000
gamma_uniform_nc_iid_J_16,75,"[8, 10, 9, 5, 11, 11, 4, 9, 5, 15, 11, 4, 8, 7, 8, 9, 6, 12, 5, 13, 7, 5, 11, 5, 12, 7, 9, 8, 11, 6, 6, 5, 8, 9, 8, 4, 4, 4, 1, 12, 5, 12, 4, 2, 8, 7, 5, 9, 6, 12, 4, 6, 8, 5, 8, 9, 6, 8, 11, 5, 13, 6, 11, 13, 5, 8, 5, 7, 2, 2, 8, 4, 9, 5, 10, 7, 5, 13, 5, 12, 9, 8, 5, 7, 9, 6, 8, 7, 6, 6, 7, 11, 8, 9, 8, 7, 6, 7, 8, 6]",2.3792,0.3599,2.3674,0.3632,-1.0000,-1.0000
gamma_uniform_nc_iid_J_16,76,"[8, 11, 9, 6, 11, 11, 4, 9, 5, 15, 11, 4, 8, 7, 8, 9, 7, 12, 5, 13, 7, 5, 11, 5, 12, 7, 9, 8, 11, 6, 6, 5, 8, 9, 8, 4, 5, 4, 1, 12, 5, 12, 4, 2, 8, 7, 5, 9, 6, 12, 4, 6, 8, 5, 8, 9, 6, 9, 11, 5, 13, 6, 11, 13, 5, 8, 5, 7, 2, 2, 8, 5, 9, 5, 10, 7, 5, 13, 5, 12, 9, 8, 5, 8, 10, 6, 8, 7, 6, 7, 7, 11, 9, 9, 8, 7, 6, 7, 8, 6]",2.3761,0.3616,2.3644,0.3650,-1.0000,-1.0000
gamma_uniform_nc_iid_J_16,77,"[8, 11, 9, 6, 11, 11, 4, 9, 5, 15, 11, 4, 8, 7, 8, 9, 7, 12, 6, 13, 7, 5, 11, 5, 12, 7, 9, 9, 11, 6, 7, 5, 8, 9, 9, 4, 5, 5, 1, 12, 5, 12, 4, 2, 8, 7, 5, 10, 6, 12, 4, 7, 8, 5, 8, 9, 6, 9, 11, 5, 13, 6, 11, 13, 6, 8, 5, 7, 2, 2, 8, 5, 9, 5, 10, 8, 5, 13, 5, 12, 9, 8, 5, 8, 11, 6, 8, 7, 6, 7, 7, 11, 9, 9, 8, 7, 6, 7, 8, 6]",2.3736,0.3625,2.3618,0.3661,-1.0000,-1.0000
gamma_uniform_nc_iid_J_16,78,"[8, 11, 9, 6, 12, 12, 4, 9, 5, 15, 11, 4, 8, 7, 8, 9, 7, 12, 6, 13, 7, 5, 11, 5, 12, 7, 9, 9, 11, 6, 8, 5, 8, 9, 10, 4, 6, 5, 1, 12, 5, 12, 4, 2, 8, 7, 5, 10, 6, 12, 4, 7, 8, 6, 8, 9, 7, 9, 11, 5, 13, 6, 11, 13, 6, 8, 5, 7, 2, 2, 8, 5, 9, 5, 10, 9, 6, 13, 5, 12, 9, 9, 5, 8, 11, 6, 8, 7, 6, 7, 7, 11, 9, 9, 8, 7, 6, 7, 8, 6]",2.3729,0.3629,2.3611,0.3664,-1.0000,-1.0000
gamma_uniform_nc_iid_J_16,79,"[8, 11, 9, 6, 12, 13, 5, 9, 5, 15, 11, 4, 8, 7, 8, 9, 7, 12, 7, 13, 7, 5, 11, 5, 12, 7, 9, 9, 11, 6, 8, 5, 9, 9, 10, 4, 6, 5, 1, 12, 5, 13, 4, 2, 8, 7, 5, 10, 6, 12, 4, 7, 8, 6, 8, 9, 7, 9, 11, 5, 13, 6, 11, 13, 6, 8, 5, 7, 3, 2, 8, 5, 9, 6, 11, 10, 6, 13, 5, 12, 9, 9, 5, 8, 11, 6, 8, 8, 6, 7, 7, 11, 9, 9, 8, 7, 6, 7, 8, 6]",2.3701,0.3645,2.3586,0.3673,-1.0000,-1.0000
gamma_uniform_nc_iid_J_16,80,"[8, 11, 9, 6, 12, 14, 5, 9, 5, 15, 11, 5, 8, 7, 8, 9, 7, 12, 7, 13, 7, 6, 11, 5, 12, 7, 9, 9, 11, 6, 9, 5, 9, 10, 10, 4, 6, 5, 1, 12, 5, 13, 4, 2, 8, 7, 5, 10, 6, 12, 4, 7, 8, 6, 8, 10, 7, 9, 11, 5, 13, 6, 11, 13, 6, 8, 5, 8, 3, 2, 8, 5, 9, 6, 11, 10, 6, 13, 5, 13, 10, 9, 5, 8, 11, 6, 8, 8, 6, 7, 7, 11, 9, 9, 8, 7, 7, 7, 8, 6]",2.3637,0.3643,2.3524,0.3674,2.3593,0.3653
gamma_uniform_nc_iid_J_16,81,"[8, 11, 9, 6, 12, 14, 5, 9, 6, 15, 11, 6, 8, 7, 8, 9, 7, 12, 7, 13, 7, 6, 11, 5, 12, 8, 9, 9, 11, 6, 9, 6, 9, 10, 10, 4, 6, 5, 1, 12, 5, 14, 5, 2, 8, 7, 5, 10, 6, 12, 4, 7, 8, 6, 9, 10, 7, 9, 11, 5, 13, 6, 11, 13, 6, 8, 5, 9, 4, 2, 8, 5, 9, 6, 11, 10, 6, 13, 5, 13, 10, 9, 5, 8, 11, 6, 8, 8, 6, 7, 7, 11, 9, 9, 8, 7, 7, 7, 9, 6]",2.3674,0.3641,2.3554,0.3669,-1.0000,-1.0000
gamma_uniform_nc_iid_J_16,82,"[8, 11, 9, 7, 12, 14, 5, 10, 6, 15, 11, 6, 8, 7, 8, 9, 7, 12, 7, 13, 7, 7, 11, 5, 12, 8, 9, 9, 11, 6, 9, 6, 10, 10, 10, 4, 6, 5, 1, 12, 5, 14, 5, 2, 8, 7, 5, 11, 6, 12, 4, 7, 8, 6, 9, 10, 7, 9, 11, 5, 13, 6, 11, 13, 6, 8, 6, 9, 4, 3, 8, 5, 9, 7, 11, 10, 6, 13, 5, 13, 10, 9, 5, 8, 11, 6, 8, 8, 6, 7, 7, 11, 9, 9, 8, 8, 7, 7, 9, 7]",2.3610,0.3649,2.3494,0.3675,-1.0000,-1.0000
gamma_uniform_nc_iid_J_16,83,"[8, 11, 10, 7, 12, 15, 5, 10, 6, 15, 11, 6, 8, 7, 8, 9, 7, 12, 7, 13, 8, 7, 11, 5, 12, 8, 9, 10, 11, 6, 9, 6, 10, 10, 10, 4, 6, 5, 1, 12, 5, 14, 5, 2, 8, 7, 6, 11, 6, 12, 4, 7, 8, 6, 9, 10, 8, 9, 11, 5, 13, 6, 11, 13, 7, 8, 6, 9, 5, 3, 8, 5, 9, 7, 12, 10, 6, 13, 5, 13, 10, 9, 5, 8, 11, 6, 8, 8, 6, 8, 7, 11, 9, 9, 8, 8, 7, 7, 9, 7]",2.3603,0.3635,2.3485,0.3663,-1.0000,-1.0000
gamma_uniform_nc_iid_J_16,84,"[8, 11, 10, 7, 12, 15, 5, 10, 6, 15, 11, 6, 8, 8, 8, 9, 7, 12, 7, 14, 8, 7, 11, 5, 12, 8, 10, 10, 11, 6, 9, 6, 10, 10, 10, 4, 6, 5, 1, 12, 5, 14, 5, 2, 8, 8, 6, 11, 6, 12, 5, 7, 8, 6, 9, 10, 8, 9, 11, 5, 13, 6, 11, 13, 7, 8, 6, 10, 5, 3, 8, 5, 10, 7, 12, 10, 6, 13, 5, 13, 10, 9, 5, 9, 11, 7, 8, 8, 7, 8, 7, 11, 9, 9, 8, 8, 7, 7, 9, 7]",2.3571,0.3674,2.3454,0.3701,-1.0000,-1.0000
gamma_uniform_nc_iid_J_16,85,"[8, 11, 10, 7, 12, 15, 5, 10, 7, 15, 11, 6, 8, 8, 8, 9, 7, 12, 7, 14, 8, 7, 11, 5, 12, 8, 11, 10, 11, 6, 9, 6, 10, 10, 10, 4, 6, 5, 1, 12, 5, 14, 5, 2, 8, 8, 7, 11, 6, 13, 5, 7, 9, 6, 9, 10, 8, 9, 11, 5, 14, 6, 11, 13, 8, 8, 6, 10, 5, 3, 8, 5, 10, 7, 12, 10, 6, 13, 5, 13, 10, 9, 5, 9, 11, 8, 8, 9, 7, 8, 7, 12, 9, 9, 8, 8, 7, 7, 9, 7]",2.3555,0.3641,2.3442,0.3677,-1.0000,-1.0000
gamma_uniform_nc_iid_J_16,86,"[8, 11, 10, 7, 12, 15, 5, 10, 7, 15, 11, 6, 8, 9, 8, 9, 8, 12, 7, 14, 8, 7, 11, 5, 12, 8, 11, 10, 11, 6, 9, 6, 11, 10, 10, 4, 6, 5, 1, 12, 5, 14, 5, 2, 8, 8, 7, 11, 6, 13, 5, 7, 9, 6, 9, 10, 9, 9, 11, 5, 14, 6, 11, 13, 8, 8, 6, 10, 5, 3, 8, 6, 10, 7, 12, 10, 6, 14, 5, 13, 10, 9, 5, 10, 11, 8, 8, 9, 7, 9, 7, 12, 9, 9, 9, 9, 7, 7, 9, 7]",2.3513,0.3665,2.3400,0.3700,-1.0000,-1.0000
gamma_uniform_nc_iid_J_16,87,"[8, 11, 10, 7, 13, 15, 5, 10, 7, 15, 11, 6, 8, 9, 8, 9, 8, 12, 8, 14, 8, 7, 11, 5, 12, 8, 11, 11, 11, 6, 9, 6, 11, 10, 10, 4, 6, 5, 1, 12, 5, 14, 5, 2, 8, 8, 7, 11, 6, 13, 5, 7, 9, 6, 9, 10, 9, 9, 11, 5, 14, 6, 11, 14, 8, 8, 6, 11, 5, 3, 8, 6, 10, 7, 12, 10, 7, 14, 5, 13, 11, 9, 5, 10, 11, 8, 8, 9, 7, 10, 7, 12, 10, 10, 9, 9, 7, 7, 9, 7]",2.3501,0.3668,2.3383,0.3700,-1.0000,-1.0000
gamma_uniform_nc_iid_J_16,88,"[8, 11, 10, 7, 13, 15, 5, 10, 7, 15, 11, 6, 8, 9, 8, 9, 8, 12, 8, 14, 8, 7, 12, 5, 12, 8, 11, 11, 11, 6, 10, 6, 11, 10, 10, 4, 6, 5, 1, 12, 5, 14, 5, 2, 8, 8, 7, 11, 6, 13, 6, 7, 10, 6, 9, 10, 9, 9, 11, 5, 14, 6, 12, 15, 8, 8, 7, 11, 5, 3, 9, 6, 11, 7, 12, 10, 7, 14, 5, 13, 11, 9, 5, 10, 11, 9, 8, 9, 7, 10, 7, 12, 10, 10, 9, 9, 7, 7, 9, 7]",2.3496,0.3687,2.3382,0.3719,-1.0000,-1.0000
gamma_uniform_nc_iid_J_16,89,"[8, 11, 10, 7, 13, 15, 5, 10, 7, 15, 11, 6, 8, 9, 8, 9, 9, 12, 8, 14, 8, 7, 13, 5, 12, 8, 11, 11, 12, 6, 10, 6, 11, 10, 10, 4, 6, 5, 1, 12, 5, 14, 5, 2, 8, 8, 7, 11, 6, 13, 6, 7, 10, 7, 9, 11, 10, 9, 11, 5, 14, 6, 12, 15, 8, 8, 7, 11, 5, 3, 9, 6, 11, 7, 12, 10, 7, 15, 5, 13, 11, 9, 5, 11, 11, 9, 8, 9, 7, 10, 7, 12, 10, 11, 10, 9, 7, 7, 9, 7]",2.3452,0.3721,2.3334,0.3752,-1.0000,-1.0000
gamma_uniform_nc_iid_J_16,90,"[8, 11, 11, 7, 13, 15, 5, 10, 8, 15, 11, 6, 8, 9, 8, 9, 9, 12, 8, 14, 8, 7, 13, 5, 12, 9, 11, 11, 13, 6, 10, 6, 11, 10, 10, 4, 7, 5, 1, 12, 5, 14, 6, 2, 8, 8, 7, 11, 6, 13, 6, 7, 10, 7, 9, 12, 10, 9, 11, 5, 14, 6, 12, 15, 8, 8, 7, 11, 5, 3, 9, 6, 11, 7, 12, 10, 7, 15, 6, 13, 11, 9, 5, 11, 11, 9, 8, 9, 7, 11, 7, 12, 10, 12, 10, 9, 7, 7, 9, 7]",2.3414,0.3715,2.3295,0.3749,2.3367,0.3727
gamma_uniform_nc_iid_J_16,91,"[8, 11, 11, 7, 13, 16, 5, 10, 8, 15, 11, 6, 8, 9, 8, 9, 9, 12, 8, 14, 8, 7, 13, 5, 12, 9, 11, 11, 13, 6, 10, 6, 12, 10, 10, 4, 7, 5, 2, 12, 5, 14, 6, 2, 8, 8, 7, 11, 6, 13, 6, 8, 10, 7, 9, 12, 11, 10, 11, 5, 14, 6, 12, 15, 8, 9, 7, 11, 5, 3, 10, 6, 11, 7, 12, 10, 7, 15, 6, 13, 11, 9, 5, 11, 11, 9, 8, 9, 7, 11, 7, 13, 10, 12, 11, 9, 7, 7, 9, 7]",2.3388,0.3725,2.3273,0.3761,-1.0000,-1.0000
gamma_uniform_nc_iid_J_16,92,"[8, 11, 11, 7, 13, 16, 5, 10, 8, 16, 11, 7, 8, 9, 8, 9, 9, 12, 8, 14, 8, 7, 13, 5, 12, 9, 11, 12, 13, 6, 11, 6, 13, 10, 10, 4, 7, 5, 3, 12, 5, 14, 6, 3, 8, 8, 7, 11, 6, 13, 7, 8, 10, 7, 9, 12, 11, 10, 11, 5, 14, 6, 12, 15, 8, 9, 7, 11, 5, 3, 10, 7, 11, 7, 12, 10, 7, 15, 6, 13, 11, 9, 5, 11, 11, 9, 8, 9, 7, 11, 7, 13, 10, 12, 11, 9, 8, 7, 9, 7]",2.3370,0.3745,2.3251,0.3776,-1.0000,-1.0000
gamma_uniform_nc_iid_J_16,93,"[8, 11, 11, 7, 13, 16, 5, 10, 9, 16, 11, 7, 8, 9, 8, 9, 9, 12, 8, 14, 8, 7, 13, 6, 12, 9, 11, 12, 13, 6, 12, 7, 13, 10, 10, 4, 7, 5, 4, 12, 5, 14, 6, 3, 8, 8, 7, 11, 7, 13, 7, 8, 10, 7, 9, 12, 11, 10, 11, 5, 14, 6, 12, 15, 8, 9, 7, 11, 6, 3, 10, 7, 11, 7, 12, 10, 7, 15, 6, 14, 11, 9, 5, 11, 11, 9, 8, 9, 8, 11, 8, 13, 10, 12, 11, 9, 8, 7, 9, 7]",2.3374,0.3727,2.3249,0.3762,-1.0000,-1.0000
gamma_uniform_nc_iid_J_16,94,"[8, 11, 11, 7, 13, 16, 5, 11, 9, 16, 11, 7, 8, 9, 9, 9, 9, 12, 9, 14, 8, 7, 13, 6, 12, 9, 11, 13, 13, 6, 12, 7, 13, 10, 10, 4, 7, 5, 4, 12, 5, 14, 6, 3, 8, 8, 7, 11, 7, 13, 7, 8, 10, 7, 9, 12, 11, 10, 11, 5, 14, 7, 12, 15, 8, 9, 7, 11, 6, 3, 11, 7, 11, 7, 13, 10, 7, 15, 6, 14, 12, 9, 5, 11, 11, 9, 8, 9, 8, 12, 8, 13, 10, 12, 11, 9, 9, 7, 9, 7]",2.3308,0.3731,2.3191,0.3767,-1.0000,-1.0000
gamma_uniform_nc_iid_J_16,95,"[8, 11, 11, 7, 13, 16, 5, 12, 9, 16, 11, 7, 8, 9, 10, 9, 9, 12, 9, 14, 8, 7, 13, 6, 12, 9, 12, 13, 14, 7, 13, 7, 13, 10, 10, 4, 7, 5, 4, 12, 6, 14, 6, 3, 8, 8, 7, 11, 7, 13, 7, 8, 10, 8, 9, 12, 11, 10, 11, 5, 14, 7, 12, 15, 8, 9, 7, 11, 6, 3, 11, 7, 11, 7, 13, 10, 7, 15, 6, 14, 12, 9, 5, 11, 11, 9, 9, 9, 8, 12, 8, 13, 10, 12, 12, 9, 9, 7, 9, 7]",2.3285,0.3731,2.3172,0.3764,-1.0000,-1.0000
gamma_uniform_nc_iid_J_16,96,"[8, 11, 11, 7, 13, 16, 5, 12, 10, 16, 11, 7, 8, 10, 10, 9, 9, 12, 9, 15, 8, 7, 13, 6, 12, 9, 12, 13, 14, 7, 14, 7, 13, 10, 10, 4, 7, 5, 4, 12, 6, 14, 7, 3, 8, 9, 7, 11, 7, 13, 8, 8, 10, 8, 9, 12, 11, 10, 11, 5, 14, 7, 12, 15, 8, 9, 7, 11, 6, 3, 12, 7, 11, 7, 13, 10, 7, 15, 6, 14, 12, 9, 5, 11, 11, 9, 9, 10, 9, 12, 8, 13, 10, 12, 12, 9, 9, 7, 9, 7]",2.3271,0.3754,2.3156,0.3784,-1.0000,-1.0000
gamma_uniform_nc_iid_J_16,97,"[8, 11, 11, 8, 13, 16, 5, 12, 11, 16, 11, 8, 8, 10, 10, 9, 9, 12, 9, 15, 8, 7, 13, 6, 13, 9, 12, 13, 14, 7, 14, 7, 13, 10, 10, 4, 7, 5, 4, 13, 6, 14, 7, 3, 8, 10, 7, 11, 7, 13, 8, 8, 10, 8, 9, 12, 11, 10, 11, 6, 14, 7, 12, 15, 8, 9, 7, 11, 7, 3, 12, 7, 11, 7, 14, 10, 7, 15, 6, 15, 12, 9, 5, 11, 11, 9, 9, 10, 9, 12, 8, 13, 10, 12, 12, 9, 9, 7, 9, 7]",2.3244,0.3761,2.3128,0.3793,-1.0000,-1.0000
gamma_uniform_nc_iid_J_16,98,"[9, 11, 11, 8, 13, 16, 5, 12, 11, 16, 11, 9, 8, 10, 10, 10, 9, 12, 9, 15, 8, 7, 13, 7, 13, 9, 12, 13, 14, 7, 15, 8, 13, 10, 10, 4, 7, 5, 4, 13, 6, 14, 7, 3, 8, 10, 7, 12, 7, 13, 8, 8, 10, 8, 9, 12, 11, 11, 11, 6, 14, 7, 12, 15, 8, 9, 7, 11, 7, 4, 12, 7, 11, 7, 14, 10, 7, 15, 6, 15, 12, 9, 5, 11, 11, 9, 9, 10, 9, 12, 8, 13, 10, 12, 12, 9, 9, 7, 9, 8]",2.3223,0.3767,2.3104,0.3800,-1.0000,-1.0000
gamma_uniform_nc_iid_J_16,99,"[10, 11, 11, 8, 13, 16, 5, 12, 11, 16, 11, 10, 8, 10, 10, 10, 9, 12, 9, 16, 8, 7, 13, 7, 13, 9, 13, 13, 14, 7, 15, 8, 13, 10, 10, 4, 7, 5, 4, 13, 6, 14, 7, 4, 8, 10, 7, 12, 8, 13, 8, 8, 10, 8, 9, 12, 12, 11, 11, 6, 15, 7, 12, 15, 9, 9, 7, 11, 7, 4, 12, 7, 11, 7, 14, 10, 7, 15, 6, 15, 12, 9, 5, 11, 11, 9, 9, 10, 9, 12, 8, 14, 10, 12, 12, 9, 9, 7, 9, 8]",2.3195,0.3745,2.3081,0.3779,-1.0000,-1.0000
gamma_uniform_nc_iid_J_16,100,"[10, 11, 11, 8, 13, 16, 5, 13, 11, 16, 11, 10, 8, 10, 10, 10, 9, 12, 9, 17, 8, 7, 13, 7, 13, 9, 13, 13, 14, 7, 15, 8, 13, 10, 10, 4, 7, 5, 4, 13, 6, 14, 7, 5, 8, 10, 8, 12, 8, 13, 8, 8, 10, 8, 10, 12, 12, 11, 11, 6, 15, 8, 12, 15, 9, 10, 7, 11, 7, 4, 12, 7, 11, 7, 14, 10, 7, 15, 6, 16, 12, 9, 5, 11, 11, 10, 9, 10, 9, 12, 8, 14, 10, 12, 12, 9, 9, 7, 10, 8]",2.3141,0.3775,2.3030,0.3804,2.3097,0.3786
gamma_uniform_nc_iid_J_16,101,"[10, 11, 11, 8, 13, 17, 5, 13, 11, 16, 11, 10, 8, 10, 10, 11, 9, 13, 9, 17, 8, 8, 13, 7, 13, 9, 13, 14, 14, 8, 15, 9, 13, 10, 10, 4, 7, 5, 4, 13, 6, 14, 7, 5, 8, 10, 8, 12, 8, 13, 8, 8, 10, 9, 10, 12, 12, 11, 11, 6, 15, 8, 12, 15, 9, 10, 7, 11, 7, 4, 12, 7, 11, 7, 14, 10, 7, 15, 6, 16, 12, 9, 5, 11, 11, 10, 10, 10, 9, 12, 8, 14, 10, 12, 12, 9, 9, 8, 10, 8]",2.3124,0.3769,2.3012,0.3801,-1.0000,-1.0000
gamma_uniform_nc_iid_J_16,102,"[10, 11, 11, 8, 13, 17, 6, 13, 11, 16, 11, 10, 8, 10, 10, 11, 9, 13, 10, 17, 8, 8, 13, 7, 13, 9, 13, 14, 14, 8, 15, 9, 13, 10, 10, 5, 8, 5, 4, 13, 7, 14, 7, 5, 8, 10, 8, 12, 8, 13, 8, 8, 10, 9, 10, 12, 12, 11, 11, 7, 15, 9, 13, 15, 9, 10, 7, 11, 7, 4, 12, 7, 11, 8, 14, 10, 7, 15, 6, 17, 12, 9, 5, 11, 11, 10, 10, 10, 9, 12, 8, 14, 10, 12, 12, 9, 9, 8, 10, 8]",2.3111,0.3778,2.2998,0.3811,-1.0000,-1.0000
gamma_uniform_nc_iid_J_16,103,"[10, 11, 11, 9, 13, 17, 6, 13, 11, 16, 11, 10, 8, 10, 10, 11, 9, 13, 10, 17, 8, 8, 13, 7, 13, 9, 13, 14, 14, 8, 15, 9, 13, 11, 10, 5, 8, 5, 4, 13, 8, 14, 7, 5, 8, 10, 8, 13, 8, 13, 8, 8, 10, 9, 10, 12, 12, 11, 11, 7, 15, 10, 14, 15, 9, 10, 7, 11, 7, 4, 12, 7, 11, 8, 14, 10, 7, 15, 6, 17, 12, 9, 5, 11, 11, 10, 10, 11, 9, 12, 9, 15, 10, 12, 12, 9, 10, 8, 10, 8]",2.3094,0.3808,2.2973,0.3842,-1.0000,-1.0000
gamma_uniform_nc_iid_J_16,104,"[10, 11, 11, 9, 13, 18, 6, 13, 11, 16, 11, 10, 8, 10, 10, 11, 9, 13, 10, 18, 8, 8, 13, 7, 13, 9, 13, 14, 14, 9, 15, 10, 13, 11, 11, 5, 8, 5, 4, 13, 8, 14, 7, 5, 9, 10, 8, 13, 9, 13, 8, 8, 10, 9, 10, 12, 12, 11, 11, 7, 16, 10, 14, 15, 9, 10, 8, 11, 7, 4, 12, 8, 11, 8, 14, 10, 7, 15, 6, 17, 12, 9, 5, 11, 11, 10, 10, 11, 9, 12, 9, 15, 10, 12, 12, 9, 10, 8, 10, 8]",2.3052,0.3789,2.2934,0.3821,-1.0000,-1.0000
gamma_uniform_nc_iid_J_16,105,"[10, 11, 11, 9, 13, 18, 6, 13, 11, 17, 11, 10, 8, 10, 10, 11, 9, 13, 10, 18, 8, 9, 14, 7, 13, 9, 13, 14, 14, 9, 15, 10, 13, 11, 11, 5, 8, 6, 4, 13, 8, 14, 7, 5, 9, 10, 9, 13, 9, 14, 8, 8, 10, 9, 10, 12, 12, 12, 11, 7, 16, 10, 14, 15, 9, 10, 8, 11, 7, 4, 12, 8, 11, 8, 14, 10, 7, 15, 6, 17, 12, 9, 5, 11, 12, 10, 10, 11, 9, 12, 9, 15, 10, 12, 12, 10, 10, 9, 10, 8]",2.3043,0.3773,2.2921,0.3804,-1.0000,-1.0000
gamma_uniform_nc_iid_J_16,106,"[10, 12, 11, 9, 13, 18, 6, 14, 11, 17, 11, 10, 8, 10, 10, 11, 9, 13, 10, 18, 8, 9, 14, 7, 13, 10, 13, 14, 14, 9, 15, 10, 13, 11, 11, 5, 8, 6, 4, 13, 8, 14, 7, 5, 9, 10, 9, 13, 9, 14, 8, 8, 10, 9, 10, 12, 12, 12, 11, 7, 16, 10, 14, 15, 10, 11, 8, 11, 7, 4, 12, 8, 12, 8, 14, 10, 7, 15, 6, 17, 12, 9, 5, 11, 12, 11, 10, 11, 9, 12, 9, 15, 10, 12, 12, 10, 11, 9, 11, 9]",2.3007,0.3782,2.2889,0.3814,-1.0000,-1.0000
gamma_uniform_nc_iid_J_16,107,"[10, 12, 12, 9, 13, 18, 7, 15, 11, 17, 11, 10, 8, 10, 10, 11, 9, 14, 10, 18, 8, 10, 14, 7, 13, 10, 13, 14, 14, 9, 15, 10, 13, 11, 12, 5, 8, 6, 4, 13, 9, 14, 7, 5, 9, 10, 9, 13, 9, 14, 8, 8, 10, 9, 10, 12, 12, 12, 12, 7, 17, 10, 14, 15, 10, 12, 8, 11, 7, 4, 12, 8, 12, 8, 14, 10, 7, 15, 6, 17, 12, 9, 5, 11, 12, 11, 10, 11, 9, 12, 9, 15, 10, 12, 12, 10, 11, 9, 11, 9]",2.2995,0.3783,2.2873,0.3820,-1.0000,-1.0000
gamma_uniform_nc_iid_J_16,108,"[10, 12, 12, 10, 13, 18, 7, 15, 11, 17, 11, 10, 8, 10, 10, 11, 9, 14, 10, 18, 8, 10, 14, 8, 13, 11, 13, 14, 14, 9, 15, 11, 13, 11, 12, 5, 8, 6, 4, 13, 10, 14, 8, 5, 9, 10, 9, 13, 9, 14, 8, 8, 10, 9, 10, 12, 12, 12, 12, 7, 17, 10, 14, 15, 10, 12, 8, 11, 7, 5, 12, 8, 12, 8, 14, 10, 7, 15, 7, 17, 12, 9, 5, 11, 12, 11, 10, 11, 9, 12, 10, 15, 11, 12, 12, 10, 11, 9, 11, 9]",2.2984,0.3770,2.2866,0.3802,-1.0000,-1.0000
gamma_uniform_nc_iid_J_16,109,"[10, 12, 12, 10, 13, 18, 7, 15, 11, 17, 11, 10, 8, 10, 10, 11, 9, 14, 10, 18, 9, 10, 14, 8, 13, 11, 13, 14, 14, 9, 15, 11, 13, 11, 12, 5, 8, 6, 4, 13, 10, 14, 8, 5, 9, 10, 9, 13, 9, 14, 8, 8, 10, 10, 10, 12, 12, 13, 12, 7, 17, 10, 15, 15, 10, 12, 8, 11, 7, 5, 12, 9, 12, 8, 14, 10, 7, 15, 8, 18, 12, 9, 5, 11, 12, 11, 10, 11, 10, 12, 10, 16, 11, 12, 13, 10, 11, 9, 11, 9]",2.2955,0.3781,2.2836,0.3814,-1.0000,-1.0000
gamma_uniform_nc_iid_J_16,110,"[10, 12, 12, 10, 14, 18, 7, 15, 11, 17, 11, 10, 8, 10, 10, 11, 9, 14, 10, 18, 9, 10, 14, 8, 14, 11, 13, 14, 14, 9, 15, 11, 13, 11, 12, 6, 8, 6, 4, 13, 10, 14, 8, 5, 9, 11, 9, 13, 10, 14, 8, 8, 11, 10, 10, 12, 12, 13, 12, 7, 17, 10, 15, 15, 10, 12, 8, 11, 7, 5, 12, 9, 12, 9, 14, 10, 7, 15, 8, 18, 12, 9, 5, 11, 13, 11, 10, 12, 10, 12, 10, 16, 11, 12, 13, 10, 11, 10, 11, 9]",2.2947,0.3787,2.2827,0.3822,2.2898,0.3802
gamma_uniform_nc_iid_J_16,111,"[10, 12, 12, 11, 14, 18, 7, 15, 11, 17, 11, 10, 8, 10, 10, 11, 9, 14, 10, 18, 9, 10, 15, 8, 14, 11, 13, 14, 14, 9, 15, 11, 13, 11, 12, 6, 8, 6, 4, 13, 10, 15, 8, 5, 9, 11, 9, 13, 10, 15, 8, 9, 11, 10, 10, 12, 12, 13, 12, 7, 18, 10, 15, 15, 10, 12, 8, 11, 8, 5, 12, 9, 12, 9, 14, 10, 7, 15, 9, 18, 12, 9, 5, 11, 13, 11, 11, 12, 10, 12, 10, 16, 11, 12, 13, 11, 11, 10, 11, 9]",2.2933,0.3775,2.2813,0.3804,-1.0000,-1.0000
gamma_uniform_nc_iid_J_16,112,"[10, 12, 13, 11, 14, 18, 7, 15, 11, 17, 11, 10, 8, 10, 10, 11, 9, 14, 10, 19, 9, 10, 15, 8, 14, 11, 13, 14, 14, 9, 15, 11, 13, 11, 12, 6, 8, 6, 5, 13, 10, 15, 8, 5, 9, 11, 9, 13, 10, 15, 8, 9, 11, 10, 10, 12, 13, 13, 12, 7, 19, 10, 15, 15, 10, 12, 9, 11, 8, 5, 12, 10, 12, 9, 14, 10, 7, 15, 9, 18, 12, 9, 5, 11, 14, 11, 11, 12, 10, 12, 10, 16, 11, 12, 14, 11, 11, 11, 11, 9]",2.2890,0.3787,2.2773,0.3816,-1.0000,-1.0000
gamma_uniform_nc_iid_J_16,113,"[10, 12, 13, 11, 14, 18, 7, 15, 11, 18, 11, 10, 8, 10, 10, 11, 9, 14, 10, 19, 9, 10, 15, 8, 14, 11, 13, 14, 14, 9, 15, 11, 13, 11, 12, 6, 8, 6, 5, 13, 11, 15, 8, 5, 9, 11, 9, 13, 10, 15, 8, 9, 11, 10, 10, 12, 13, 14, 13, 7, 19, 10, 15, 16, 10, 13, 9, 11, 8, 5, 12, 10, 12, 9, 14, 10, 7, 15, 9, 18, 12, 9, 5, 11, 15, 11, 11, 12, 10, 12, 10, 16, 11, 12, 15, 11, 12, 11, 11, 10]",2.2910,0.3811,2.2790,0.3838,-1.0000,-1.0000
gamma_uniform_nc_iid_J_16,114,"[10, 12, 13, 12, 14, 18, 7, 15, 11, 19, 11, 10, 8, 10, 10, 11, 9, 14, 11, 19, 9, 10, 15, 8, 14, 11, 13, 14, 14, 9, 15, 11, 13, 11, 12, 6, 8, 6, 6, 13, 11, 15, 8, 5, 9, 11, 9, 13, 10, 15, 8, 9, 11, 10, 10, 12, 13, 14, 13, 7, 19, 10, 15, 16, 11, 14, 9, 11, 8, 5, 13, 10, 12, 9, 14, 10, 7, 16, 9, 18, 13, 9, 5, 12, 15, 11, 11, 12, 10, 12, 10, 16, 11, 12, 15, 11, 12, 11, 11, 10]",2.2898,0.3803,2.2779,0.3832,-1.0000,-1.0000
gamma_uniform_nc_iid_J_16,115,"[10, 12, 13, 12, 14, 18, 7, 15, 11, 19, 11, 11, 8, 10, 10, 11, 9, 14, 11, 19, 9, 10, 15, 8, 14, 12, 13, 14, 14, 9, 15, 11, 13, 11, 12, 6, 8, 6, 6, 13, 11, 15, 8, 6, 10, 11, 9, 13, 10, 15, 8, 9, 11, 10, 10, 12, 13, 15, 13, 7, 19, 10, 15, 16, 12, 14, 9, 11, 9, 5, 13, 10, 12, 10, 14, 10, 7, 16, 9, 18, 13, 9, 6, 12, 16, 11, 11, 12, 10, 12, 10, 16, 11, 12, 15, 11, 12, 11, 11, 10]",2.2876,0.3803,2.2758,0.3832,-1.0000,-1.0000
gamma_uniform_nc_iid_J_16,116,"[10, 12, 13, 12, 14, 18, 7, 15, 11, 20, 11, 11, 8, 10, 10, 11, 9, 14, 12, 19, 9, 11, 15, 8, 14, 12, 13, 14, 14, 9, 15, 11, 13, 11, 12, 6, 8, 6, 6, 13, 11, 15, 8, 6, 10, 12, 9, 13, 11, 15, 8, 9, 11, 10, 10, 13, 13, 15, 13, 8, 19, 10, 15, 17, 12, 14, 9, 11, 9, 5, 13, 10, 12, 10, 14, 10, 7, 16, 9, 18, 13, 9, 6, 12, 16, 11, 11, 12, 10, 12, 11, 17, 11, 12, 15, 11, 12, 11, 11, 10]",2.2850,0.3839,2.2733,0.3868,-1.0000,-1.0000
gamma_uniform_nc_iid_J_16,117,"[10, 12, 13, 12, 14, 19, 7, 15, 11, 21, 11, 11, 8, 10, 10, 11, 10, 14, 12, 20, 9, 11, 16, 8, 14, 12, 13, 14, 14, 9, 16, 11, 13, 11, 12, 6, 8, 6, 6, 13, 11, 15, 8, 6, 10, 12, 9, 13, 12, 15, 9, 9, 11, 10, 10, 14, 13, 15, 13, 8, 19, 10, 15, 17, 12, 14, 9, 11, 9, 5, 13, 10, 12, 10, 14, 10, 7, 16, 9, 18, 13, 9, 6, 12, 16, 11, 11, 12, 10, 12, 11, 17, 11, 12, 15, 12, 12, 11, 11, 10]",2.2840,0.3823,2.2723,0.3853,-1.0000,-1.0000
gamma_uniform_nc_iid_J_16,118,"[10, 12, 14, 12, 14, 19, 7, 15, 11, 21, 11, 11, 8, 10, 10, 11, 10, 14, 12, 21, 9, 12, 17, 8, 14, 12, 13, 14, 14, 9, 16, 11, 13, 11, 12, 6, 8, 6, 6, 13, 12, 15, 8, 6, 10, 12, 9, 13, 12, 15, 9, 9, 11, 10, 11, 14, 13, 15, 13, 8, 19, 10, 15, 17, 12, 14, 9, 11, 9, 5, 13, 10, 12, 10, 14, 10, 7, 16, 9, 18, 13, 9, 6, 13, 16, 11, 11, 12, 10, 13, 11, 17, 12, 12, 15, 12, 13, 11, 11, 10]",2.2824,0.3820,2.2712,0.3844,-1.0000,-1.0000
gamma_uniform_nc_iid_J_16,119,"[11, 12, 15, 13, 14, 19, 7, 15, 11, 21, 11, 11, 8, 10, 10, 11, 10, 14, 12, 21, 9, 12, 17, 8, 15, 12, 13, 14, 14, 9, 16, 11, 13, 11, 12, 6, 8, 6, 6, 13, 12, 15, 8, 6, 11, 12, 9, 13, 12, 15, 10, 9, 11, 10, 11, 14, 13, 15, 13, 8, 19, 10, 15, 17, 12, 14, 9, 11, 9, 5, 13, 10, 12, 10, 14, 11, 7, 16, 9, 19, 13, 9, 6, 13, 16, 11, 11, 12, 10, 13, 11, 17, 12, 13, 15, 12, 13, 11, 11, 11]",2.2806,0.3799,2.2690,0.3825,-1.0000,-1.0000
gamma_uniform_nc_iid_J_16,120,"[11, 12, 15, 13, 14, 19, 7, 15, 11, 21, 12, 11, 8, 10, 10, 11, 11, 14, 12, 21, 9, 12, 18, 9, 15, 12, 13, 14, 14, 9, 16, 11, 13, 12, 12, 6, 8, 6, 6, 13, 12, 15, 8, 6, 11, 12, 9, 13, 12, 15, 10, 9, 11, 10, 12, 14, 13, 15, 13, 8, 19, 10, 15, 17, 12, 14, 9, 12, 9, 5, 13, 10, 12, 10, 14, 11, 7, 16, 9, 20, 13, 9, 7, 13, 16, 12, 11, 12, 10, 13, 11, 17, 12, 13, 15, 12, 13, 11, 11, 11]",2.2811,0.3814,2.2694,0.3846,2.2763,0.3827
gamma_uniform_nc_iid_J_16,121,"[11, 12, 15, 13, 14, 19, 7, 15, 12, 21, 12, 11, 8, 11, 10, 11, 11, 14, 12, 21, 9, 12, 18, 9, 15, 12, 13, 15, 14, 10, 16, 11, 13, 12, 12, 6, 8, 6, 6, 13, 12, 15, 8, 6, 11, 12, 9, 13, 12, 15, 10, 9, 11, 11, 12, 14, 13, 15, 13, 8, 19, 11, 15, 17, 12, 14, 9, 12, 9, 5, 13, 11, 12, 10, 14, 11, 7, 16, 9, 20, 14, 9, 8, 13, 16, 12, 11, 12, 10, 13, 11, 17, 12, 13, 16, 12, 13, 11, 11, 11]",2.2800,0.3831,2.2681,0.3858,-1.0000,-1.0000
gamma_uniform_nc_iid_J_16,122,"[11, 12, 15, 13, 14, 19, 7, 15, 12, 21, 12, 11, 8, 12, 10, 12, 11, 14, 12, 21, 9, 12, 18, 9, 16, 13, 13, 15, 14, 10, 17, 11, 13, 12, 12, 6, 8, 6, 6, 13, 12, 15, 8, 6, 11, 12, 9, 13, 12, 15, 10, 9, 11, 11, 12, 14, 14, 15, 13, 8, 19, 11, 15, 17, 12, 14, 9, 12, 9, 5, 13, 12, 12, 10, 14, 11, 7, 16, 9, 21, 14, 9, 8, 14, 16, 12, 11, 12, 10, 13, 11, 17, 12, 13, 16, 12, 13, 12, 11, 11]",2.2767,0.3844,2.2649,0.3868,-1.0000,-1.0000
gamma_uniform_nc_iid_J_16,123,"[11, 12, 15, 13, 14, 19, 7, 15, 12, 21, 12, 11, 8, 12, 10, 12, 11, 14, 12, 21, 9, 12, 18, 9, 16, 13, 13, 15, 14, 10, 17, 11, 13, 12, 12, 6, 8, 6, 6, 13, 12, 15, 8, 7, 12, 12, 9, 13, 13, 15, 10, 9, 11, 11, 13, 15, 14, 15, 13, 8, 19, 11, 16, 17, 12, 14, 10, 13, 9, 5, 13, 12, 12, 11, 14, 11, 7, 16, 9, 21, 14, 9, 9, 14, 16, 12, 11, 12, 10, 13, 11, 17, 12, 13, 16, 12, 13, 12, 11, 11]",2.2760,0.3847,2.2640,0.3874,-1.0000,-1.0000
gamma_uniform_nc_iid_J_16,124,"[11, 12, 15, 14, 15, 19, 7, 15, 13, 21, 12, 11, 8, 12, 10, 12, 11, 14, 12, 21, 9, 12, 18, 9, 16, 13, 13, 15, 14, 10, 17, 11, 13, 12, 12, 6, 8, 6, 6, 13, 13, 15, 8, 7, 12, 12, 9, 13, 13, 15, 11, 9, 11, 11, 13, 15, 14, 15, 13, 9, 19, 12, 16, 17, 12, 15, 10, 13, 9, 5, 13, 12, 12, 11, 14, 11, 7, 16, 9, 21, 14, 9, 9, 14, 16, 12, 11, 12, 10, 13, 11, 18, 12, 13, 16, 12, 13, 13, 11, 11]",2.2738,0.3827,2.2618,0.3860,-1.0000,-1.0000
gamma_uniform_nc_iid_J_16,125,"[11, 12, 15, 14, 16, 19, 7, 15, 13, 21, 12, 11, 9, 12, 10, 12, 11, 15, 12, 21, 9, 12, 18, 9, 16, 13, 13, 16, 14, 10, 17, 11, 14, 12, 12, 6, 8, 6, 6, 13, 13, 15, 8, 7, 12, 12, 9, 13, 13, 15, 11, 10, 11, 11, 13, 15, 14, 15, 13, 9, 19, 12, 16, 17, 12, 15, 10, 14, 9, 5, 13, 12, 12, 11, 14, 11, 7, 16, 9, 21, 14, 9, 9, 14, 16, 13, 11, 12, 10, 14, 11, 18, 12, 13, 16, 12, 13, 13, 12, 11]",2.2713,0.3833,2.2595,0.3861,-1.0000,-1.0000
